"","AGO2","AKT1","AKT2","AKT3","ALK","AURKA","AXL","BCL6","BRAF","BRD4","CARD11","CCND1","CCND2","CCND3","CCNE1","CDK4","CDK6","CDK8","DDR2","DNMT3B","EGFR","ERBB2","ERBB3","ERCC2","ETV1","EZH2","FGF19","FGFR1","FGFR2","FGFR3","FGFR4","FLT3","FOXA1","GATA3","GLI1","HRAS","IKBKE","JAK2","JUN","KDM5A","KDR","KIT","KRAS","MAPK1","MDM2","MDM4","MEF2B","MET","MITF","MYC","MYCN","NTRK1","PAK1","PDGFRA","PIK3CA","PIK3CB","PIK3R2","RAC1","RAF1","RHEB","RHOA","RICTOR","ROS1","RUNX1","SRC","TERT","VEGFA","YAP1"
"CAL120",-1,1,1,1,-1,1,1,1,0,1,-1,1,1,1,1,1,0,-1,-1,1,0,-1,-1,1,1,0,1,1,-1,1,1,-1,0,1,-1,0,-1,-1,1,1,0,0,1,-1,1,-1,0,0,-1,1,-1,-1,1,0,1,1,0,0,1,0,1,1,-1,-1,1,1,1,1
"CAL51",0,1,0,0,0,0,0,0,0,0,0,0,0,0,0,0,0,0,0,0,0,0,0,0,0,0,0,0,0,0,0,0,0,0,0,0,0,0,0,0,0,0,0,0,0,0,0,0,0,0,0,0,0,0,0,0,0,0,0,0,0,0,0,0,0,0,0,0
"A2058",1,1,0,1,0,0,0,1,1,-1,1,0,0,-1,0,0,1,1,1,0,1,0,0,0,1,1,0,0,0,0,0,1,0,0,0,0,1,0,0,0,0,0,0,0,0,1,-1,1,1,1,0,1,0,0,1,1,-1,1,0,1,0,1,0,0,0,1,-1,0
"HCC1419",1,-1,0,0,1,1,0,0,-1,0,1,1,0,0,0,0,-1,-1,0,1,1,1,0,0,1,-1,1,0,-1,0,-1,-1,1,-1,0,-1,0,-1,-1,0,0,0,1,0,0,0,0,-1,0,1,1,0,-1,0,0,0,0,1,0,-1,-1,0,0,0,1,1,0,-1
"C32",0,1,-1,0,0,0,-1,0,1,-1,-1,0,0,-1,0,-1,1,0,1,0,0,0,-1,-1,1,1,0,-1,0,-1,0,0,0,-1,-1,0,1,-1,0,0,0,0,1,-1,0,1,-1,1,0,0,1,1,0,0,0,0,-1,-1,0,1,-1,0,0,0,0,0,-1,1
"HT1197",0,1,0,-1,-1,-1,-1,1,0,-1,-1,1,1,0,-1,1,1,-1,0,1,1,-1,1,-1,0,0,1,-1,-1,-1,1,-1,1,1,1,-1,0,1,0,1,0,0,1,1,1,-1,-1,1,-1,0,0,-1,1,0,1,0,-1,0,-1,1,-1,1,-1,1,1,1,0,1
"MDAMB157",1,1,-1,1,0,1,-1,0,0,1,0,-1,-1,-1,1,-1,0,0,1,1,0,-1,-1,0,0,0,-1,1,-1,-1,1,0,-1,1,-1,-1,1,0,0,-1,-1,-1,-1,-1,-1,1,1,0,-1,1,0,1,-1,-1,0,1,1,0,1,0,-1,1,-1,-1,1,-1,-1,-1
"ISTMEL1",1,1,1,1,1,1,1,0,1,-1,1,0,1,1,1,-1,1,1,1,1,1,-1,-1,1,1,1,0,1,-1,0,0,1,-1,-1,-1,0,1,0,1,1,0,0,1,0,-1,1,-1,1,0,1,-1,1,0,0,0,-1,-1,1,0,1,0,1,-1,-1,1,1,1,1
"HT29",1,-1,1,0,0,1,1,0,1,-1,1,1,0,-1,0,0,1,1,0,1,1,0,0,1,0,1,1,-1,0,-1,0,1,-1,0,0,1,-1,1,0,0,0,1,1,-1,0,-1,-1,1,-1,1,0,0,1,0,1,0,-1,1,-1,1,-1,1,-1,-1,1,1,-1,1
"AU565",-1,1,-1,0,1,1,-1,1,1,-1,1,1,1,-1,-1,1,1,-1,1,-1,1,1,1,-1,1,1,1,-1,-1,-1,0,-1,1,-1,1,0,1,-1,0,1,0,0,-1,-1,1,1,-1,1,-1,-1,1,1,1,0,1,-1,-1,1,-1,1,-1,1,-1,1,1,1,-1,1
"NCIH441",1,-1,-1,0,0,0,-1,1,1,-1,-1,1,0,0,-1,0,1,-1,0,1,-1,-1,0,-1,-1,1,1,-1,-1,-1,0,-1,1,-1,0,-1,-1,-1,1,0,0,0,1,-1,0,-1,-1,1,1,1,0,-1,1,0,1,0,-1,-1,-1,1,-1,1,-1,0,0,1,0,1
"SW1088",-1,1,-1,-1,0,1,-1,0,1,-1,1,-1,0,-1,-1,0,1,-1,0,1,1,0,0,-1,1,1,-1,-1,-1,-1,1,-1,0,-1,0,-1,-1,-1,1,1,-1,-1,0,1,0,-1,-1,1,0,0,0,-1,-1,-1,0,0,-1,1,0,1,0,1,0,1,1,1,-1,0
"HCT116",1,1,-1,0,0,-1,-1,0,0,-1,0,-1,0,-1,-1,-1,0,0,0,0,0,0,-1,-1,0,0,-1,0,1,-1,0,0,0,0,-1,0,-1,0,0,0,0,0,0,-1,0,-1,-1,0,1,1,0,0,-1,0,0,0,-1,0,-1,0,-1,0,0,0,0,-1,-1,0
"KYSE450",0,1,0,1,1,1,0,1,0,0,1,1,1,0,0,1,1,0,1,1,1,1,1,0,1,0,1,0,0,0,1,0,0,0,1,1,1,1,0,1,1,1,1,0,1,1,-1,0,0,1,0,1,1,1,1,1,0,1,0,0,0,1,0,0,1,1,0,1
"NCIH28",-1,-1,-1,1,0,0,-1,-1,0,-1,0,-1,0,0,0,0,0,0,1,0,1,0,0,-1,1,0,-1,-1,0,-1,1,0,-1,0,0,-1,1,-1,1,0,-1,-1,0,0,0,1,-1,0,1,-1,0,1,-1,-1,-1,-1,-1,0,1,0,1,0,0,0,0,0,0,-1
"NCIH358",1,1,-1,0,1,1,-1,0,-1,-1,-1,0,-1,-1,-1,-1,0,-1,1,1,-1,-1,-1,-1,0,-1,0,0,-1,1,-1,-1,1,-1,-1,-1,-1,1,1,-1,1,1,1,-1,0,-1,-1,0,0,1,1,1,1,1,-1,-1,-1,-1,-1,-1,-1,1,-1,-1,1,1,-1,1
"BECKER",1,1,-1,-1,0,1,-1,-1,1,1,1,0,-1,-1,0,-1,1,-1,0,0,1,-1,-1,-1,1,1,0,-1,-1,-1,0,-1,-1,-1,-1,-1,-1,-1,1,-1,1,1,-1,-1,-1,-1,1,1,-1,1,-1,-1,-1,1,1,1,1,1,-1,1,-1,1,1,-1,0,1,-1,-1
"NCIH727",-1,1,-1,0,1,0,-1,-1,1,1,-1,1,1,-1,1,1,1,-1,0,1,1,-1,1,-1,-1,1,1,-1,1,0,0,-1,1,-1,1,0,0,-1,-1,1,1,1,1,1,1,0,1,1,-1,1,1,0,1,1,1,-1,1,-1,-1,1,-1,-1,-1,1,1,-1,0,1
"NCIH1299",1,1,1,0,0,1,1,1,0,0,1,-1,1,1,1,1,1,-1,0,1,-1,-1,1,1,-1,0,-1,-1,-1,1,1,-1,-1,-1,1,-1,-1,-1,0,1,-1,-1,1,-1,1,-1,0,1,-1,1,0,-1,-1,-1,1,1,0,1,-1,0,-1,1,1,0,1,0,1,1
"COLO800",-1,-1,-1,1,0,1,-1,1,1,-1,1,-1,-1,0,-1,-1,1,1,0,1,1,1,-1,-1,1,1,-1,-1,-1,-1,-1,1,-1,-1,-1,-1,0,1,1,-1,-1,-1,-1,0,-1,0,-1,1,1,-1,0,0,-1,-1,1,1,-1,1,-1,1,-1,1,1,0,1,1,0,-1
"SAOS2",1,1,-1,-1,1,1,1,-1,1,0,1,0,-1,1,-1,1,1,-1,0,1,0,-1,0,-1,0,1,0,-1,0,-1,1,-1,1,-1,1,0,0,0,1,-1,1,1,0,0,1,0,0,1,-1,1,0,0,0,1,1,1,0,1,1,1,1,1,1,1,-1,0,1,0
"NCIH838",1,1,1,0,-1,1,1,1,0,1,-1,1,-1,-1,1,-1,0,0,1,1,0,1,-1,1,1,-1,1,-1,-1,-1,-1,0,0,1,-1,-1,-1,-1,0,-1,0,0,1,-1,0,-1,-1,0,0,1,0,1,1,0,1,1,1,1,1,-1,-1,1,0,-1,1,1,-1,0
"LS411N",1,1,0,0,0,0,0,1,0,0,1,1,1,0,-1,1,1,1,0,0,1,0,1,0,-1,0,1,0,1,0,1,1,0,1,1,1,0,0,0,1,0,0,1,0,1,0,0,1,0,1,0,0,1,0,1,1,0,1,0,0,0,1,1,-1,0,1,0,1
"RKO",1,1,0,-1,-1,1,0,0,1,1,1,1,-1,0,0,1,-1,0,0,1,0,0,1,0,-1,1,1,0,1,1,1,0,-1,1,1,1,1,-1,0,1,0,0,0,1,1,-1,1,1,-1,1,1,1,1,0,-1,0,1,-1,0,1,0,-1,-1,1,1,0,0,-1
"RPMI7951",1,1,0,-1,1,1,0,1,1,-1,1,0,-1,0,1,-1,1,-1,-1,1,1,-1,-1,0,1,1,0,-1,-1,-1,-1,-1,-1,1,-1,-1,-1,-1,1,-1,-1,-1,-1,-1,-1,-1,-1,1,1,1,1,-1,1,-1,1,1,-1,1,1,1,0,-1,1,-1,1,-1,0,1
"WM115",-1,1,-1,1,0,0,-1,0,1,-1,1,0,0,0,0,0,1,-1,0,0,1,0,0,-1,1,1,0,0,-1,0,0,-1,0,-1,0,0,0,-1,0,0,0,0,0,-1,0,0,-1,1,0,0,0,0,0,0,0,0,-1,1,0,1,-1,0,0,0,0,-1,0,0
"NCIH2009",1,1,1,-1,1,0,1,1,1,-1,1,-1,-1,0,1,0,1,-1,1,1,1,1,0,0,1,1,-1,-1,0,1,0,-1,0,-1,0,-1,-1,-1,1,-1,-1,-1,1,1,0,-1,-1,1,-1,1,-1,1,-1,-1,1,1,-1,1,0,1,-1,1,0,-1,1,1,0,0
"D283MED",-1,1,0,1,0,0,0,0,-1,0,-1,0,0,0,0,0,-1,0,1,0,-1,1,0,0,-1,-1,0,0,0,0,0,0,0,0,0,-1,1,0,0,0,0,-1,0,0,0,1,0,-1,1,1,0,1,0,-1,0,0,0,-1,0,-1,-1,0,0,0,0,0,0,0
"NCIH2452",-1,-1,-1,-1,0,0,-1,0,0,0,1,0,0,0,0,0,0,0,-1,0,1,-1,0,-1,1,0,0,1,0,0,1,0,-1,-1,0,0,-1,-1,0,0,-1,-1,0,-1,0,-1,0,0,1,-1,0,-1,0,-1,0,0,0,0,-1,0,-1,1,1,0,0,1,0,0
"UACC62",0,1,0,1,1,1,0,1,1,0,1,-1,0,-1,1,0,1,-1,1,1,1,0,0,0,1,1,-1,-1,-1,-1,-1,-1,1,-1,0,-1,0,-1,1,0,-1,-1,1,0,1,0,0,1,1,1,1,0,-1,-1,1,1,0,1,-1,1,-1,1,-1,-1,1,0,-1,0
"DU4475",0,1,0,1,0,0,0,0,1,0,0,0,-1,-1,0,-1,1,0,1,-1,0,0,-1,0,0,1,0,0,-1,-1,1,0,0,0,-1,-1,1,0,0,-1,-1,-1,-1,-1,-1,1,0,1,0,0,0,1,0,-1,0,0,0,0,-1,1,0,0,-1,-1,-1,0,-1,0
"SISO",1,1,1,1,-1,1,1,1,1,0,1,1,0,-1,1,0,1,-1,1,0,1,1,1,1,1,1,1,1,-1,0,1,-1,1,1,0,0,1,-1,0,0,0,0,0,1,0,1,0,1,-1,1,-1,1,1,0,1,1,0,1,0,1,-1,1,0,0,0,1,-1,1
"JHH1",1,1,1,1,0,1,1,1,1,-1,-1,1,1,1,1,1,1,-1,1,1,1,1,1,1,0,1,1,1,1,-1,0,-1,0,0,1,0,1,0,-1,1,-1,-1,1,1,1,1,-1,-1,-1,1,0,1,1,-1,1,1,1,0,-1,1,-1,0,-1,-1,1,0,1,1
"COLO680N",1,1,1,1,0,1,-1,1,-1,-1,1,1,1,1,1,0,0,-1,1,1,1,1,0,-1,1,-1,1,-1,-1,-1,0,-1,1,-1,0,-1,1,1,0,1,-1,-1,1,0,0,1,-1,0,-1,1,0,1,1,-1,1,1,-1,1,-1,-1,-1,1,0,-1,1,1,1,1
"ESO51",1,1,1,0,1,1,1,1,-1,0,0,1,0,-1,1,0,0,-1,1,0,0,1,0,1,0,-1,1,0,0,-1,1,-1,1,1,0,-1,0,-1,0,0,-1,-1,0,0,1,0,0,1,-1,1,-1,1,-1,-1,1,0,0,0,0,-1,-1,-1,1,-1,0,1,-1,-1
"CAL33",1,1,-1,0,0,1,-1,1,0,-1,1,-1,-1,-1,-1,-1,0,0,-1,1,1,-1,-1,-1,1,0,-1,-1,0,-1,-1,0,0,0,-1,-1,-1,1,0,0,0,0,0,-1,0,-1,-1,0,-1,1,0,-1,-1,0,1,1,-1,1,-1,-1,-1,0,0,0,1,-1,-1,0
"CAL29",0,1,0,0,0,1,0,1,0,-1,1,1,1,0,-1,1,1,-1,0,1,1,-1,1,0,1,0,1,0,-1,-1,0,-1,0,-1,1,-1,0,-1,0,1,-1,-1,1,0,1,0,-1,0,-1,0,0,0,-1,-1,1,1,-1,1,-1,0,-1,1,0,-1,1,1,0,-1
"UACC257",1,1,0,1,0,1,0,0,1,0,-1,-1,-1,-1,-1,-1,1,1,1,1,1,0,-1,-1,1,1,-1,-1,-1,-1,-1,1,0,-1,-1,-1,-1,-1,1,1,-1,-1,0,-1,1,-1,-1,1,1,1,1,-1,-1,-1,1,0,-1,1,-1,0,-1,-1,-1,1,1,-1,-1,1
"PA1",0,1,0,0,0,0,0,0,0,0,0,0,0,0,0,0,0,0,0,0,0,0,0,0,-1,0,0,0,0,0,0,0,0,0,0,0,0,0,0,0,0,0,0,0,0,-1,0,0,0,0,1,0,0,0,-1,0,0,-1,0,0,0,0,0,0,0,0,0,0
"KELLY",0,-1,0,1,1,1,0,1,1,-1,1,0,0,0,0,0,1,0,1,0,1,0,0,0,1,1,0,0,0,-1,0,0,0,0,0,-1,1,-1,0,0,0,0,0,1,0,1,-1,1,0,0,1,1,0,0,1,1,-1,1,0,1,0,0,0,0,0,1,0,0
"NCIH661",0,1,1,1,1,1,1,-1,1,-1,1,0,-1,1,1,1,1,0,-1,1,1,0,1,-1,1,1,0,1,-1,-1,0,0,0,-1,1,-1,1,-1,0,-1,1,1,1,-1,1,1,-1,1,-1,0,1,-1,0,1,-1,0,-1,1,-1,1,-1,1,1,1,1,1,1,1
"ES8",1,1,0,1,0,0,0,1,0,0,1,0,1,0,1,1,1,0,1,0,1,0,1,0,1,0,0,0,0,1,1,0,-1,0,1,0,1,0,0,1,0,0,1,0,1,1,0,0,-1,1,0,1,0,0,1,1,0,1,0,0,0,0,0,0,0,0,0,-1
"MPP89",0,1,1,1,0,1,1,1,0,0,0,0,0,1,1,0,0,0,1,1,0,0,0,1,0,0,0,1,0,0,0,0,1,0,0,-1,1,1,0,0,0,0,0,0,0,1,0,0,1,1,0,1,-1,0,1,1,0,0,1,0,1,1,1,0,1,1,1,-1
"IGR1",-1,1,-1,0,0,-1,-1,1,1,-1,-1,-1,1,-1,-1,1,1,-1,0,-1,0,-1,1,-1,1,1,-1,-1,-1,-1,1,-1,0,-1,1,-1,-1,1,1,1,0,0,1,0,1,-1,-1,1,0,-1,1,-1,-1,0,1,0,-1,-1,-1,1,-1,1,0,-1,1,0,-1,-1
"NCIH2030",1,1,0,0,1,1,0,0,0,0,1,0,0,1,0,0,0,-1,0,1,0,1,0,0,1,0,0,1,0,-1,0,-1,1,1,0,-1,0,-1,0,-1,-1,-1,0,0,0,0,0,0,0,1,1,1,0,-1,0,0,0,1,0,0,0,1,0,0,1,1,1,0
"COLO205",-1,-1,0,1,0,1,0,1,0,-1,-1,0,0,1,0,0,0,1,1,1,0,1,0,0,1,0,0,-1,0,-1,1,1,0,0,0,0,1,0,0,0,0,0,0,0,0,1,-1,0,-1,1,0,1,0,0,1,1,-1,-1,-1,0,-1,1,-1,0,1,1,-1,0
"BFTC905",1,1,-1,0,0,1,-1,1,0,0,-1,1,0,0,-1,0,0,-1,0,0,0,0,0,-1,0,0,1,-1,0,-1,0,-1,1,-1,0,-1,0,-1,0,0,-1,-1,1,-1,0,0,0,0,-1,1,0,0,-1,-1,1,-1,0,-1,-1,0,-1,0,0,-1,0,-1,0,-1
"REH",0,0,0,0,0,0,0,0,0,0,0,0,0,0,0,0,0,0,0,0,0,0,0,0,0,0,0,0,0,0,0,0,0,0,0,0,0,0,0,0,0,0,0,0,0,0,0,0,0,0,0,0,0,0,-1,0,0,0,0,0,-1,0,0,1,0,0,0,0
"PANC0813",1,1,-1,-1,1,1,-1,1,-1,-1,0,1,1,1,-1,0,0,-1,-1,1,0,1,0,-1,0,-1,1,1,-1,-1,-1,-1,1,-1,0,1,-1,1,-1,1,0,0,1,1,0,-1,-1,0,1,1,1,-1,1,0,1,1,-1,0,1,-1,1,-1,0,-1,1,-1,1,1
"PCI6A",1,1,-1,0,1,0,-1,1,0,-1,1,1,1,0,1,0,0,0,0,1,1,0,0,-1,1,0,1,0,1,1,-1,0,0,0,0,-1,0,-1,-1,1,-1,-1,0,-1,0,0,-1,0,-1,1,1,0,1,-1,1,1,-1,1,-1,0,-1,1,0,-1,1,1,-1,1
"NCIH1792",0,1,1,0,0,1,1,1,1,0,1,0,0,-1,1,1,1,-1,0,1,1,0,-1,1,1,1,0,0,0,-1,-1,-1,1,1,1,-1,-1,-1,0,0,0,0,1,-1,1,-1,0,1,-1,-1,0,0,-1,0,1,-1,0,1,1,1,-1,1,0,-1,1,1,-1,0
"NCIH1355",1,1,1,1,1,-1,1,0,-1,-1,-1,1,-1,-1,-1,1,0,-1,1,-1,0,-1,1,1,0,-1,1,1,-1,-1,-1,-1,1,-1,1,-1,1,-1,1,-1,1,-1,-1,-1,1,1,1,0,0,1,1,1,1,1,0,-1,1,-1,-1,-1,-1,1,0,0,-1,1,-1,1
"NCIH1048",0,1,-1,1,0,0,-1,0,0,-1,0,0,0,0,0,0,0,0,1,0,0,0,0,-1,0,0,0,0,0,0,0,0,0,0,0,0,1,0,0,0,0,0,-1,0,0,1,-1,0,0,0,0,1,0,0,0,0,-1,0,0,0,-1,0,0,0,0,0,0,0
"OAW42",1,1,0,1,0,1,0,1,0,0,0,-1,-1,0,0,1,1,-1,1,-1,0,-1,1,0,1,0,-1,0,0,-1,1,-1,0,-1,1,-1,1,-1,0,-1,-1,-1,-1,0,1,1,0,1,-1,1,0,1,-1,-1,1,1,0,1,1,0,-1,1,1,-1,0,1,0,-1
"OE33",1,1,0,0,1,1,0,1,-1,-1,1,1,0,1,-1,0,1,-1,0,1,1,1,0,0,1,-1,1,-1,1,-1,0,1,0,0,0,1,0,0,1,0,-1,-1,-1,1,0,0,-1,1,-1,1,0,1,1,-1,0,1,-1,1,-1,-1,-1,0,1,-1,1,1,1,1
"OVCAR8",1,1,-1,1,-1,1,-1,-1,1,-1,1,1,1,-1,1,1,-1,-1,-1,1,-1,-1,1,-1,1,1,1,1,-1,-1,1,-1,1,1,1,-1,-1,-1,1,1,1,1,0,-1,-1,-1,-1,-1,-1,1,-1,-1,1,1,-1,1,-1,1,1,1,1,1,-1,-1,1,0,-1,1
"PANC1005",1,-1,0,0,0,0,0,1,0,0,0,0,0,0,0,0,0,-1,0,0,0,-1,0,0,1,0,0,-1,0,0,0,-1,-1,-1,0,-1,0,0,-1,0,0,0,0,-1,0,0,0,1,-1,1,0,0,0,0,1,1,0,0,-1,0,-1,0,-1,-1,0,-1,0,0
"NCIH1915",0,1,-1,0,0,0,-1,0,1,-1,-1,1,1,0,1,0,1,-1,1,0,0,-1,1,-1,0,1,1,-1,0,-1,1,-1,1,1,0,1,1,-1,0,1,-1,-1,-1,1,0,1,-1,-1,0,0,0,1,1,-1,0,0,-1,-1,-1,1,0,-1,0,0,0,1,0,1
"OCIAML2",1,1,0,1,0,0,0,1,0,0,0,0,0,1,0,0,0,0,1,0,0,0,0,0,0,0,0,1,0,0,0,0,0,0,0,0,1,0,0,0,0,0,0,0,0,1,0,0,0,1,0,0,0,0,1,0,0,0,0,0,0,0,1,0,0,0,1,0
"ONS76",1,1,1,1,-1,1,1,1,1,1,1,1,-1,1,1,-1,1,0,1,1,1,1,-1,-1,1,1,1,1,-1,-1,1,0,-1,-1,-1,1,1,1,1,-1,-1,-1,-1,-1,0,1,1,1,0,1,-1,1,1,-1,1,1,1,1,-1,1,-1,1,-1,0,1,1,1,-1
"OVISE",1,1,1,0,0,0,1,1,-1,0,1,-1,0,0,1,0,-1,-1,0,0,1,1,0,1,1,-1,-1,-1,1,-1,0,-1,0,-1,0,-1,0,0,0,1,-1,-1,0,-1,1,0,0,-1,-1,1,0,0,-1,-1,1,1,0,1,-1,-1,-1,-1,0,1,0,-1,0,-1
"RT112",1,1,0,0,0,1,0,1,0,0,0,0,0,0,0,0,0,0,0,1,0,-1,0,0,0,0,0,-1,0,1,0,0,0,0,0,-1,0,0,0,0,-1,-1,0,0,0,0,0,0,-1,1,0,0,0,-1,1,1,0,0,0,0,-1,0,0,1,1,0,0,0
"PATU8988T",1,1,-1,1,0,1,-1,1,-1,-1,-1,1,-1,0,1,-1,-1,0,0,0,-1,-1,-1,-1,-1,-1,1,1,-1,-1,-1,0,1,0,-1,0,-1,-1,-1,-1,0,0,-1,-1,0,-1,-1,-1,1,1,0,-1,1,0,1,0,-1,1,1,-1,0,1,1,-1,0,1,0,1
"PF382",0,1,0,0,0,1,0,0,-1,0,0,1,0,0,0,1,0,0,0,1,0,-1,1,0,-1,0,1,0,0,1,0,0,0,-1,1,0,1,-1,0,0,0,0,-1,1,0,-1,0,-1,0,0,0,1,1,0,-1,0,0,0,0,0,0,0,-1,1,1,0,0,0
"NCIH1755",1,1,1,1,0,1,1,-1,1,-1,1,0,-1,-1,1,-1,1,-1,1,1,1,0,-1,1,1,1,0,-1,1,0,0,-1,-1,1,0,0,1,-1,0,-1,0,0,1,1,0,1,-1,1,-1,1,0,1,0,0,-1,-1,-1,1,-1,1,-1,0,-1,-1,0,0,-1,0
"NCIH1793",1,1,1,0,1,1,1,1,0,1,1,-1,-1,-1,1,1,1,0,-1,1,1,-1,1,1,1,0,-1,1,0,-1,1,0,1,0,1,-1,1,-1,0,-1,0,0,1,-1,1,1,1,0,1,1,1,-1,-1,0,1,1,1,1,1,-1,1,1,-1,0,1,1,-1,0
"OSC19",1,1,-1,0,-1,1,-1,1,1,1,-1,1,1,-1,-1,0,1,-1,-1,1,1,1,0,-1,1,0,1,0,0,0,1,-1,0,-1,0,1,0,1,0,1,-1,-1,1,1,0,0,-1,0,-1,1,-1,-1,1,-1,1,1,0,1,1,-1,-1,1,0,1,1,-1,-1,0
"RERFGC1B",0,-1,1,0,0,1,1,0,-1,-1,0,1,0,-1,1,0,0,-1,0,1,1,1,1,1,1,-1,1,-1,1,-1,0,-1,-1,-1,0,1,-1,-1,-1,0,-1,-1,1,-1,0,0,1,0,-1,0,0,1,1,-1,0,-1,1,0,1,-1,-1,-1,0,-1,1,-1,-1,0
"RMGI",-1,1,1,1,1,1,1,0,0,-1,-1,-1,0,-1,1,0,-1,0,0,0,0,1,1,1,0,0,-1,0,0,1,-1,0,0,0,0,0,0,0,1,0,0,0,0,0,0,0,-1,0,-1,0,1,-1,-1,0,0,0,-1,0,0,0,-1,0,0,0,0,-1,-1,0
"RVH421",1,1,0,1,0,1,0,0,1,0,1,1,1,1,0,1,1,1,-1,1,-1,0,1,0,1,1,1,1,-1,0,0,1,0,-1,1,0,-1,0,0,1,-1,-1,1,0,1,-1,0,1,1,1,0,-1,1,-1,-1,0,0,1,0,1,0,0,-1,-1,1,1,-1,1
"PC14",1,0,0,0,0,1,0,1,1,0,1,1,1,0,0,0,1,-1,0,1,1,-1,0,0,1,1,1,-1,-1,0,1,-1,-1,0,0,-1,0,-1,1,1,-1,-1,1,-1,0,0,0,1,0,1,0,0,1,-1,1,1,0,1,0,1,0,1,0,-1,1,1,0,0
"NCIH1581",1,1,-1,1,0,1,-1,1,1,-1,-1,0,-1,0,-1,0,1,-1,1,0,-1,0,0,-1,0,1,0,1,0,-1,-1,-1,1,0,0,-1,0,-1,0,-1,-1,-1,-1,-1,0,0,-1,1,-1,1,1,0,0,-1,1,1,-1,-1,-1,1,-1,1,1,1,1,1,0,0
"OPM2",-1,1,1,1,0,1,1,0,1,1,-1,1,1,0,1,0,-1,-1,1,0,1,0,0,1,-1,1,1,1,0,1,-1,-1,-1,1,0,1,1,0,0,1,1,1,1,0,0,1,1,1,0,1,0,1,1,1,-1,0,1,-1,0,1,0,1,0,0,1,1,0,1
"OVMIU",1,1,0,1,0,1,0,0,0,0,1,0,0,0,0,0,0,0,1,0,1,0,0,0,1,0,0,0,0,0,0,0,0,0,0,0,1,0,0,0,0,0,0,0,0,1,0,0,0,1,0,1,0,0,1,1,0,1,0,0,0,0,0,0,-1,0,0,0
"RCM1",0,1,-1,0,0,1,-1,1,1,-1,1,-1,-1,-1,-1,-1,1,1,-1,1,1,-1,-1,-1,1,1,-1,-1,1,-1,-1,1,1,-1,-1,-1,-1,-1,0,-1,-1,-1,0,-1,0,-1,-1,1,0,1,1,-1,0,-1,1,1,-1,1,-1,0,-1,0,0,-1,1,-1,-1,0
"NCIH1092",1,1,-1,1,-1,0,-1,0,1,-1,1,1,0,-1,-1,-1,1,1,1,0,1,-1,-1,-1,1,1,1,1,-1,0,-1,1,1,0,-1,0,1,-1,-1,1,0,0,0,-1,-1,1,-1,1,-1,1,-1,1,1,0,0,0,-1,1,0,1,-1,0,-1,1,0,-1,1,1
"NCIH1573",0,1,-1,0,0,0,-1,0,-1,-1,-1,1,0,-1,-1,0,1,-1,0,0,1,-1,0,-1,-1,-1,1,-1,-1,0,0,-1,1,-1,0,-1,0,-1,0,0,0,0,0,-1,0,0,-1,1,1,0,1,0,-1,0,1,0,-1,-1,-1,-1,-1,1,-1,-1,0,-1,-1,-1
"RKN",0,1,-1,0,0,1,1,1,1,0,1,1,1,0,-1,0,0,-1,0,1,1,0,0,-1,1,1,1,-1,0,0,1,-1,1,1,0,1,-1,1,1,1,0,0,1,-1,0,0,0,0,0,0,0,0,0,0,1,1,0,1,0,1,0,1,0,0,1,1,0,1
"OSC20",1,1,0,0,0,1,-1,0,-1,-1,1,1,1,-1,0,0,-1,-1,1,1,1,0,0,-1,1,-1,1,-1,1,-1,1,-1,-1,1,0,-1,0,-1,1,1,-1,-1,1,1,1,0,-1,-1,-1,1,0,0,1,-1,1,1,-1,1,-1,-1,-1,1,-1,0,1,1,-1,1
"PSN1",0,1,0,1,1,1,0,-1,-1,0,-1,0,0,-1,0,0,-1,-1,1,1,0,0,0,0,-1,-1,0,-1,1,0,0,-1,0,-1,0,-1,1,-1,1,0,-1,-1,1,-1,0,1,0,-1,0,1,1,1,1,-1,-1,0,0,-1,0,-1,1,1,-1,0,1,1,-1,0
"PCI30",-1,1,-1,1,1,1,-1,1,1,-1,1,1,1,-1,-1,1,1,-1,1,-1,1,-1,1,-1,-1,1,1,-1,-1,-1,-1,-1,1,-1,1,0,1,-1,1,1,-1,-1,1,-1,1,1,-1,1,-1,-1,1,1,-1,-1,1,1,-1,1,1,1,1,1,0,-1,-1,1,-1,0
"NCIH1648",1,1,0,1,1,1,0,1,0,-1,1,1,1,0,0,1,1,0,0,1,1,1,1,0,1,0,1,1,0,-1,1,0,1,0,1,0,0,-1,1,1,0,0,1,0,1,0,-1,1,0,1,1,0,1,0,1,1,-1,1,1,0,-1,1,1,1,1,1,0,1
"OV90",1,1,1,0,1,1,1,0,1,-1,-1,1,0,0,1,1,1,1,0,1,1,1,1,1,-1,1,1,-1,0,-1,0,1,0,-1,1,-1,0,-1,0,1,-1,-1,0,1,1,1,-1,1,-1,1,1,0,1,-1,-1,0,-1,-1,-1,1,-1,-1,0,1,1,0,0,0
"RERFLCSQ1",1,1,1,0,1,1,1,1,-1,0,1,0,0,-1,1,0,1,0,0,1,1,0,0,1,1,-1,0,-1,-1,0,1,0,1,0,0,-1,0,-1,0,0,0,0,0,1,0,0,-1,-1,-1,1,-1,0,0,0,1,1,0,1,-1,-1,-1,1,0,-1,1,1,-1,0
"P30OHK",0,1,0,0,0,0,0,0,0,0,0,0,0,0,0,0,0,0,0,0,0,0,0,0,0,0,0,0,0,0,0,0,0,0,0,0,0,0,0,0,0,0,1,0,1,0,0,0,1,1,0,0,0,0,0,0,0,0,0,0,0,0,0,0,0,0,0,0
"PCI15A",1,1,1,1,0,1,-1,1,-1,-1,-1,1,-1,-1,0,0,1,-1,1,1,1,0,1,-1,1,-1,1,-1,0,-1,1,1,1,-1,0,-1,-1,1,0,-1,1,1,1,-1,1,0,-1,1,-1,1,1,0,-1,1,1,-1,-1,-1,-1,-1,-1,1,1,-1,1,1,-1,-1
"OAW28",1,1,0,0,0,-1,0,1,1,0,1,1,1,-1,1,0,0,0,1,1,-1,0,1,0,1,1,1,-1,0,1,0,0,1,-1,0,-1,0,1,1,1,0,0,1,-1,1,1,-1,-1,0,1,0,1,1,0,1,1,-1,1,0,1,0,1,0,0,0,1,-1,1
"NCIH1568",1,1,0,-1,1,1,0,-1,-1,-1,1,1,0,0,0,1,1,1,-1,0,1,-1,1,0,1,-1,1,-1,-1,0,-1,1,-1,-1,1,-1,-1,-1,1,0,-1,-1,0,0,1,-1,0,-1,-1,1,1,-1,1,-1,-1,-1,0,1,-1,-1,0,1,1,1,0,1,0,1
"OCUBM",1,1,1,-1,1,1,1,1,1,1,1,1,1,1,1,1,1,-1,1,0,1,1,1,0,1,0,1,1,-1,-1,1,-1,-1,-1,1,-1,0,-1,1,1,0,0,1,-1,1,0,1,1,-1,1,1,1,1,0,1,-1,1,1,1,0,-1,1,1,1,1,1,1,-1
"OVCAR5",1,1,1,0,1,1,1,1,0,0,1,1,0,0,1,0,0,0,1,1,1,1,0,1,1,0,1,-1,0,0,1,0,1,0,0,1,1,1,0,0,0,0,1,-1,0,1,0,0,0,1,1,1,1,0,1,0,0,1,0,0,0,0,0,-1,1,1,0,1
"NCIH1944",1,1,1,1,0,1,1,0,1,-1,0,0,1,0,1,1,0,0,1,0,0,0,1,1,0,1,0,0,0,0,0,0,0,0,1,-1,1,-1,0,1,0,0,1,0,1,1,-1,0,0,1,0,1,0,0,0,0,-1,0,0,1,0,1,0,0,0,1,0,0
"RD",1,1,1,0,1,1,1,0,1,1,1,0,0,0,1,0,1,-1,1,1,1,0,0,1,1,1,0,1,1,0,-1,-1,0,-1,0,0,1,-1,1,0,0,0,0,0,0,1,1,1,-1,1,1,1,0,0,0,0,1,1,0,1,0,0,0,0,1,0,0,0
"RPMI8226",1,-1,-1,1,0,0,-1,1,1,0,1,1,0,-1,-1,0,1,-1,1,0,1,0,0,-1,1,1,1,-1,-1,-1,0,-1,-1,0,0,-1,1,-1,1,0,-1,-1,1,-1,0,1,0,1,1,0,0,1,1,-1,1,1,0,1,0,1,0,1,-1,1,0,1,0,0
"PANC0327",1,1,0,-1,0,1,0,1,1,1,1,1,1,1,0,1,1,1,0,0,1,1,1,0,1,1,1,1,0,-1,1,1,1,-1,1,-1,0,0,0,1,0,0,1,1,-1,0,1,1,1,1,0,0,1,0,1,1,1,1,0,1,0,1,-1,0,0,1,1,1
"PCI38",1,1,-1,1,0,0,-1,1,-1,0,1,1,-1,-1,-1,1,1,-1,1,1,1,-1,1,-1,1,-1,1,-1,1,-1,1,-1,1,-1,1,-1,0,-1,-1,-1,-1,-1,1,1,1,0,-1,1,-1,1,0,-1,-1,-1,1,1,-1,1,-1,-1,-1,1,-1,0,0,-1,-1,0
"OC314",-1,1,0,0,0,1,0,0,1,-1,-1,-1,0,0,0,0,1,-1,0,1,1,-1,0,0,1,1,-1,-1,-1,-1,0,-1,0,-1,0,-1,0,0,0,-1,-1,-1,0,-1,0,0,-1,1,1,0,0,0,-1,-1,0,0,-1,-1,-1,1,-1,0,1,1,1,-1,0,0
"NCIH1993",1,1,0,-1,-1,1,1,0,-1,-1,1,1,-1,-1,1,1,1,-1,0,1,1,-1,-1,1,1,-1,1,-1,1,-1,1,-1,1,-1,1,-1,-1,-1,1,1,1,1,0,-1,1,-1,-1,1,-1,1,0,0,1,1,0,0,-1,1,0,-1,-1,1,-1,-1,1,1,-1,1
"NCIH1155",1,1,-1,0,1,-1,-1,0,0,-1,1,-1,-1,-1,-1,-1,0,0,0,-1,0,-1,-1,-1,1,0,-1,1,0,-1,-1,0,0,-1,-1,-1,-1,0,0,-1,-1,-1,0,-1,0,-1,-1,0,0,1,1,-1,-1,-1,0,0,-1,1,-1,0,-1,0,1,0,-1,-1,-1,0
"OE21",1,1,1,1,0,1,1,1,-1,-1,1,1,1,0,1,0,-1,1,1,1,1,0,0,1,1,-1,1,-1,0,1,0,1,0,-1,0,-1,1,0,0,1,-1,-1,1,0,0,1,-1,-1,-1,1,0,1,-1,-1,1,0,-1,1,-1,-1,-1,1,0,-1,1,1,0,-1
"OSRC2",-1,-1,1,1,0,1,1,1,1,-1,0,0,1,-1,0,1,1,1,1,1,1,0,1,1,0,1,0,-1,0,-1,0,1,-1,0,1,0,1,-1,1,1,-1,-1,1,1,1,1,-1,1,-1,-1,0,1,0,-1,0,0,-1,0,-1,1,-1,0,-1,-1,1,1,-1,0
"KYSE520",0,1,0,-1,0,1,0,0,0,0,1,1,-1,-1,0,1,0,-1,0,1,1,-1,-1,0,1,0,1,-1,0,0,0,-1,0,-1,1,-1,0,-1,0,-1,-1,-1,1,1,1,0,0,-1,-1,1,-1,0,1,-1,0,0,0,1,-1,0,-1,0,-1,-1,1,1,-1,0
"KURAMOCHI",1,1,1,1,-1,1,1,1,1,-1,-1,0,-1,0,1,-1,1,0,1,1,-1,-1,-1,1,-1,1,0,-1,-1,-1,1,0,-1,1,-1,-1,1,0,1,-1,-1,-1,1,-1,-1,1,-1,1,-1,1,-1,1,0,-1,1,1,-1,-1,-1,1,-1,1,1,0,1,1,0,0
"KINGS1",0,-1,-1,0,-1,0,-1,0,0,-1,0,0,0,0,-1,0,0,-1,0,0,0,-1,0,-1,0,0,0,0,-1,0,0,-1,-1,0,0,0,0,-1,0,0,0,0,0,0,0,0,-1,1,0,0,-1,0,0,0,0,0,-1,0,0,0,0,0,0,0,0,0,0,0
"LCLC97TM1",1,1,-1,0,0,-1,-1,1,1,-1,1,0,1,-1,-1,1,1,-1,0,-1,1,1,1,-1,1,1,0,-1,0,0,0,-1,0,-1,1,-1,0,-1,-1,1,0,0,1,-1,1,0,-1,1,0,1,0,1,0,0,1,1,-1,1,0,1,0,0,-1,0,-1,0,-1,0
"LU99A",1,-1,0,0,0,0,0,0,-1,-1,1,-1,0,1,0,0,-1,-1,0,0,0,0,0,0,1,-1,-1,0,0,-1,1,-1,0,1,0,0,0,-1,0,0,-1,-1,1,-1,0,0,-1,-1,0,1,0,0,-1,-1,0,0,-1,1,0,-1,0,1,-1,-1,0,1,1,-1
"LOUNH91",0,-1,0,0,0,1,0,0,1,0,1,0,0,0,0,0,1,-1,0,1,1,0,0,0,1,1,0,0,0,0,1,-1,-1,0,0,0,0,0,0,0,0,0,0,0,0,0,0,1,0,0,0,0,0,0,0,0,0,1,0,1,0,1,0,0,1,1,0,0
"GAMG",0,-1,-1,-1,0,1,-1,0,1,-1,1,0,-1,0,-1,-1,1,-1,-1,1,1,0,-1,-1,1,1,0,0,1,1,1,1,-1,-1,-1,0,-1,-1,0,-1,-1,0,0,-1,-1,-1,-1,1,1,1,0,-1,0,0,1,1,-1,1,-1,1,1,1,0,0,1,1,0,0
"MFE319",0,1,0,0,0,0,0,0,0,0,-1,0,0,0,0,0,0,0,0,0,0,0,0,0,0,0,0,0,0,0,0,0,0,0,0,0,0,0,0,0,0,0,0,0,0,0,0,0,0,0,0,0,0,0,0,0,0,0,0,0,0,0,0,0,0,0,0,0
"KLE",-1,1,1,1,1,1,-1,0,0,-1,-1,-1,-1,0,1,0,1,-1,1,1,1,-1,0,-1,1,-1,-1,-1,-1,-1,1,-1,0,-1,0,-1,0,-1,-1,-1,0,0,1,-1,0,0,-1,1,-1,-1,-1,0,-1,0,0,0,-1,1,-1,-1,-1,1,1,1,1,-1,0,-1
"LCLC103H",1,1,-1,-1,-1,0,-1,-1,-1,-1,0,0,0,1,-1,1,1,-1,-1,1,1,1,1,-1,1,0,0,-1,0,-1,1,-1,-1,-1,1,0,-1,1,1,1,-1,-1,0,-1,1,-1,-1,1,0,1,-1,0,0,-1,0,0,-1,1,0,0,-1,1,0,0,0,1,1,0
"L1236",1,0,0,1,1,0,0,-1,0,0,1,-1,1,1,0,1,1,-1,1,1,1,0,1,0,1,-1,-1,-1,-1,-1,0,-1,-1,-1,1,-1,-1,1,0,1,0,0,1,-1,-1,1,0,1,0,1,1,1,-1,0,0,0,0,1,0,0,0,0,-1,0,1,0,1,-1
"GP5D",-1,1,-1,0,0,-1,-1,0,0,-1,-1,-1,-1,-1,-1,0,0,0,0,0,0,-1,0,-1,0,0,-1,0,0,-1,1,0,0,0,0,-1,-1,0,0,-1,0,0,0,-1,0,-1,-1,0,0,0,0,-1,0,0,0,0,-1,0,-1,0,-1,0,0,0,0,-1,-1,0
"MFM223",-1,1,1,1,0,1,1,1,1,0,0,1,1,-1,1,1,0,0,1,1,0,-1,1,-1,0,0,1,1,1,1,1,0,1,1,1,0,1,-1,0,1,-1,-1,1,-1,1,1,1,0,0,1,1,1,0,-1,1,1,1,0,1,0,0,1,0,1,1,1,-1,0
"KYSE270",1,1,-1,-1,0,1,-1,1,-1,1,1,0,1,0,-1,0,-1,1,0,0,1,0,0,0,1,-1,0,0,0,-1,1,1,0,-1,0,-1,0,-1,1,1,-1,-1,1,0,0,0,-1,-1,-1,1,0,1,0,-1,1,1,-1,1,-1,-1,-1,1,-1,0,1,1,0,-1
"KYSE410",1,1,1,0,1,1,1,1,0,-1,1,1,1,1,-1,1,1,0,0,1,1,1,1,1,1,0,1,1,-1,-1,1,0,0,0,1,-1,0,-1,0,1,-1,-1,1,-1,1,0,-1,1,-1,1,1,0,-1,-1,1,1,-1,1,1,0,-1,0,1,-1,1,0,1,1
"KP3",0,-1,-1,0,1,0,-1,1,-1,-1,1,1,1,-1,-1,0,-1,0,0,0,1,-1,0,-1,1,-1,1,1,0,1,0,0,-1,-1,0,0,0,-1,0,1,-1,-1,1,0,0,0,-1,-1,-1,0,1,0,1,1,-1,-1,-1,1,-1,-1,-1,0,-1,0,0,0,-1,1
"L363",0,-1,-1,1,0,0,-1,1,1,1,1,0,1,0,0,0,1,0,1,0,1,-1,0,-1,1,1,0,1,1,-1,0,0,0,0,0,-1,1,1,0,0,0,0,1,0,0,1,-1,1,1,1,0,1,0,0,1,1,-1,1,1,1,0,0,-1,1,0,0,0,0
"LN229",0,-1,-1,1,0,1,-1,0,1,-1,1,1,0,-1,-1,1,1,-1,1,1,1,-1,1,-1,1,1,1,-1,-1,-1,0,-1,-1,-1,1,-1,1,-1,0,0,-1,-1,0,1,1,1,-1,1,1,1,0,1,1,-1,0,0,-1,1,1,1,0,1,-1,0,1,0,-1,-1
"FADU",0,1,-1,1,-1,0,-1,0,0,-1,0,1,1,-1,-1,0,1,0,0,1,1,0,0,-1,1,0,1,-1,0,-1,0,0,1,-1,0,-1,0,1,1,1,-1,-1,1,-1,0,0,-1,1,-1,1,-1,0,-1,-1,1,1,-1,1,0,1,-1,1,0,-1,0,1,-1,1
"G401",0,1,0,0,0,0,0,0,0,0,0,0,0,0,0,0,0,0,0,0,0,0,0,0,0,0,0,0,0,0,0,0,0,0,0,0,0,0,0,0,0,0,0,0,0,0,0,0,1,0,0,0,0,0,0,0,0,0,0,0,0,0,0,0,0,0,0,0
"GI1",1,1,1,1,-1,1,1,0,1,-1,1,1,-1,1,1,0,0,0,1,1,1,0,0,0,1,1,1,1,0,-1,1,0,0,0,0,-1,1,0,1,0,-1,-1,0,0,0,1,-1,1,0,1,0,1,0,-1,0,0,-1,1,-1,1,0,1,0,0,1,1,1,0
"KYSE510",-1,1,0,1,0,1,0,0,-1,-1,0,1,0,0,1,0,-1,-1,1,1,-1,0,0,0,0,-1,1,0,-1,-1,0,1,0,-1,0,-1,1,-1,0,0,-1,-1,0,-1,0,1,-1,-1,-1,1,0,1,0,-1,0,0,-1,0,-1,-1,-1,1,1,-1,1,1,0,1
"KU812",1,1,1,1,0,-1,1,0,0,1,0,1,0,1,1,0,0,1,1,0,0,1,0,1,0,0,1,1,0,0,0,1,0,0,0,1,1,0,1,0,1,1,0,-1,0,1,1,0,0,1,0,1,1,1,0,0,1,0,0,0,0,0,1,1,0,0,1,1
"KCL22",1,1,1,1,0,0,1,0,0,0,1,0,0,1,1,0,0,0,1,0,0,0,0,1,0,0,0,1,0,0,0,0,0,1,0,0,1,0,0,0,0,0,-1,1,0,1,0,0,0,1,0,1,0,0,0,0,0,-1,0,0,0,0,1,1,0,0,1,0
"LXF289",1,0,1,-1,-1,-1,1,0,0,0,1,1,0,1,1,0,0,-1,0,-1,1,1,0,-1,1,0,1,0,0,-1,0,-1,0,0,0,0,-1,-1,-1,0,1,1,-1,0,0,-1,0,0,0,1,-1,1,1,1,-1,0,0,1,0,0,0,1,0,-1,-1,1,1,1
"LN18",0,1,1,-1,0,1,-1,-1,1,-1,1,0,-1,0,0,-1,1,-1,-1,1,1,0,-1,-1,1,1,0,-1,0,0,0,-1,1,-1,-1,0,-1,-1,0,-1,1,1,-1,-1,-1,-1,-1,1,1,-1,0,-1,0,1,-1,-1,-1,1,0,1,0,1,1,1,1,0,0,1
"FU97",-1,1,0,1,-1,1,0,1,1,1,-1,1,-1,-1,0,0,1,1,1,1,1,-1,0,-1,1,1,1,0,0,-1,-1,1,-1,0,0,-1,1,1,-1,1,1,1,1,-1,1,1,1,1,-1,1,-1,-1,1,1,1,0,1,1,-1,0,-1,1,1,0,1,1,-1,0
"GCT",0,1,-1,0,0,1,-1,0,-1,-1,-1,1,0,1,-1,0,-1,-1,0,1,0,0,0,-1,1,-1,1,-1,0,-1,1,-1,0,-1,0,0,0,-1,0,0,-1,-1,0,-1,0,0,-1,-1,0,0,0,-1,1,-1,0,0,-1,0,-1,-1,-1,0,1,-1,1,1,1,1
"GIMEN",1,1,1,1,1,1,1,1,0,1,-1,1,1,1,1,1,0,0,1,1,0,1,1,1,0,0,1,1,-1,1,0,0,1,1,1,-1,1,-1,1,1,-1,-1,1,0,1,1,1,0,1,1,1,1,-1,-1,1,1,1,-1,0,0,1,0,-1,-1,1,1,1,-1
"MFE280",-1,1,1,1,1,1,1,1,-1,1,1,0,-1,-1,1,-1,1,1,1,1,1,1,1,1,1,-1,0,1,1,1,1,-1,0,-1,-1,-1,1,1,1,0,1,1,0,-1,-1,1,1,0,0,1,1,1,-1,1,1,1,1,1,-1,-1,-1,0,1,-1,1,1,-1,0
"KMRC1",1,-1,1,1,1,1,1,1,1,1,1,1,0,1,1,0,1,0,1,1,1,1,0,1,1,1,1,0,1,0,1,0,-1,1,0,1,1,0,0,0,0,0,0,1,0,1,1,1,-1,1,1,1,1,0,1,1,1,1,-1,1,-1,0,0,-1,1,0,1,1
"LU135",1,1,1,1,0,1,1,0,1,1,1,0,0,0,1,0,1,0,1,1,1,1,1,1,1,1,0,0,0,0,0,0,1,0,0,-1,1,1,1,1,0,0,0,1,0,1,1,1,-1,1,0,1,0,0,0,0,1,1,-1,1,-1,1,0,1,1,1,0,0
"LS513",0,1,-1,1,0,0,-1,0,1,-1,1,-1,0,0,0,0,1,1,1,0,1,0,0,-1,1,1,-1,0,0,-1,1,1,0,0,0,-1,1,1,0,-1,0,0,0,0,0,1,-1,1,0,0,0,1,-1,0,0,0,-1,1,0,1,0,1,0,0,0,1,-1,0
"LNZTA3WT4",0,1,1,1,0,1,1,1,1,1,1,1,0,0,1,1,1,-1,1,1,1,0,0,1,1,1,1,0,0,-1,0,-1,0,0,1,-1,1,-1,1,0,1,1,0,1,0,1,1,1,-1,1,0,1,-1,1,1,1,1,1,-1,1,-1,1,0,0,-1,1,0,1
"KYSE70",1,1,-1,1,0,1,-1,1,0,1,1,1,1,-1,-1,1,0,-1,1,0,1,-1,1,-1,1,1,1,1,-1,-1,1,-1,-1,-1,1,-1,1,1,-1,1,-1,-1,0,1,1,1,-1,0,1,1,0,1,1,-1,1,1,-1,1,-1,1,-1,1,-1,0,0,0,-1,1
"KMRC20",-1,-1,1,0,0,1,1,1,1,-1,-1,0,1,1,1,1,1,-1,1,1,0,1,1,1,-1,1,0,-1,0,-1,0,-1,-1,0,1,0,0,-1,0,1,-1,-1,1,1,1,0,-1,1,-1,-1,0,1,0,-1,1,1,-1,-1,-1,1,-1,0,1,-1,1,0,1,0
"LU65",-1,1,1,0,-1,-1,1,0,1,-1,1,-1,-1,1,-1,-1,1,0,1,-1,1,1,1,1,1,1,-1,0,0,-1,1,0,0,0,-1,-1,1,-1,0,-1,0,0,1,-1,0,1,-1,1,1,1,0,1,-1,0,0,-1,-1,1,0,1,0,1,1,-1,-1,1,1,0
"LS180",1,1,1,0,0,1,1,0,0,1,1,1,0,0,1,0,0,0,0,0,0,0,1,1,0,1,1,0,1,1,0,0,0,0,1,1,0,0,0,0,0,0,0,1,0,0,1,0,0,0,0,1,0,0,0,0,1,1,0,1,0,0,0,0,0,1,0,0
"G292CLONEA141B1",1,1,0,-1,0,0,0,0,0,1,1,1,1,0,1,1,0,0,1,0,1,0,0,0,-1,-1,1,1,0,1,0,0,0,0,0,0,1,-1,1,1,1,1,1,0,1,1,1,0,0,1,1,1,0,1,1,1,1,1,1,-1,0,0,-1,0,0,0,0,1
"KYSE140",1,1,1,1,0,-1,1,0,-1,1,1,1,0,0,1,1,1,-1,-1,1,1,0,1,0,1,-1,1,0,0,-1,-1,-1,1,1,1,-1,0,0,0,0,0,0,0,0,-1,0,1,1,-1,1,0,-1,1,0,1,1,1,1,0,-1,-1,0,0,-1,-1,0,0,1
"KALS1",0,1,1,0,-1,1,1,-1,0,0,0,-1,-1,1,1,-1,0,-1,1,0,0,-1,-1,1,0,0,-1,0,0,-1,0,-1,0,-1,-1,-1,1,1,1,-1,-1,-1,-1,1,-1,1,0,0,1,0,-1,1,-1,-1,0,0,0,0,0,0,0,1,1,-1,0,1,1,-1
"LS123",1,1,1,1,-1,1,1,1,-1,1,1,1,1,1,1,1,-1,1,1,1,1,-1,1,1,1,-1,1,0,-1,-1,1,1,0,1,1,1,1,-1,-1,1,-1,-1,1,-1,1,1,1,-1,1,1,-1,1,1,-1,1,1,1,1,1,-1,1,1,-1,1,1,1,1,1
"GCIY",-1,-1,1,0,0,-1,1,0,0,-1,1,0,0,0,1,0,1,-1,1,0,1,1,0,1,1,-1,0,0,0,-1,0,-1,-1,0,0,1,0,-1,0,0,-1,-1,0,-1,0,0,-1,1,-1,1,0,1,-1,-1,0,0,-1,1,-1,1,-1,1,0,0,0,1,0,-1
"G402",0,1,0,0,1,0,0,0,0,-1,-1,0,0,0,0,0,0,0,0,0,0,0,0,0,0,0,0,0,0,0,0,0,0,0,0,0,0,0,0,0,0,0,0,-1,0,0,-1,0,0,0,1,0,0,0,0,0,-1,-1,0,0,0,0,0,0,0,0,0,0
"KYSE150",0,1,0,-1,0,1,0,1,0,0,1,1,1,-1,0,0,1,0,0,1,1,0,0,0,1,0,1,-1,0,-1,1,0,1,1,0,0,-1,-1,0,1,-1,-1,1,0,1,-1,0,1,-1,0,-1,0,1,-1,1,0,0,1,0,0,0,1,0,0,1,0,-1,1
"LS1034",0,1,0,0,0,1,0,-1,0,-1,-1,1,1,-1,0,0,0,1,0,1,0,-1,0,0,0,0,1,0,-1,-1,-1,1,0,0,0,1,-1,0,-1,1,0,0,1,-1,0,-1,-1,0,0,0,0,0,1,0,0,0,-1,-1,-1,0,0,1,0,-1,1,-1,-1,1
"GB1",1,0,0,0,0,1,0,0,0,0,1,0,0,0,0,1,0,-1,0,1,1,1,0,0,1,0,0,-1,-1,-1,-1,-1,0,0,1,0,0,-1,1,1,1,1,0,1,-1,0,0,0,1,1,0,0,0,1,1,0,0,1,1,0,1,0,-1,1,1,0,0,0
"MDST8",0,1,-1,0,0,1,-1,1,1,0,1,1,-1,-1,0,-1,1,-1,0,1,1,-1,-1,-1,1,1,1,1,0,1,-1,-1,-1,0,-1,1,-1,0,-1,-1,-1,-1,-1,0,0,-1,-1,1,0,0,0,-1,1,-1,1,1,-1,1,-1,1,-1,-1,-1,1,1,-1,-1,1
"U118MG",0,1,0,-1,0,1,0,1,1,1,1,1,1,1,0,1,1,-1,-1,1,1,-1,1,0,1,1,1,1,-1,-1,-1,-1,0,-1,1,-1,-1,-1,1,1,-1,-1,1,1,1,-1,1,1,1,1,0,-1,1,-1,-1,1,1,1,1,1,1,0,-1,0,1,0,1,1
"YH13",0,1,1,0,-1,-1,1,0,1,-1,1,0,0,0,1,0,1,-1,0,-1,1,-1,0,1,1,1,0,0,-1,-1,0,-1,0,-1,0,-1,0,0,0,0,-1,-1,0,0,0,0,-1,1,0,0,-1,-1,0,-1,0,0,-1,1,0,1,0,0,0,0,-1,0,0,0
"TE1",1,1,0,1,1,1,0,1,1,1,1,0,1,0,1,1,1,-1,1,0,1,0,1,0,1,1,0,-1,-1,-1,-1,-1,1,-1,1,-1,1,1,1,1,-1,-1,1,1,-1,1,1,1,-1,1,1,1,0,-1,1,-1,1,1,-1,1,-1,1,-1,1,0,1,0,-1
"TE8",1,1,0,0,0,1,-1,1,0,1,1,1,1,0,1,1,0,0,0,1,1,0,0,-1,1,0,1,-1,0,-1,1,0,0,1,0,1,0,1,0,1,-1,-1,1,1,0,0,1,0,0,1,0,0,0,-1,1,1,1,1,0,0,0,1,0,1,1,1,0,0
"SIHA",1,1,0,0,0,1,0,0,1,0,0,0,0,-1,0,0,1,-1,0,1,0,0,0,0,0,1,0,-1,-1,-1,-1,-1,0,0,0,0,0,-1,0,0,-1,-1,0,1,1,0,0,1,1,-1,0,0,0,-1,0,1,0,0,0,1,0,1,-1,1,1,1,-1,0
"SCC9",1,1,-1,0,-1,1,-1,1,0,-1,1,1,-1,1,0,0,0,-1,0,1,1,1,0,-1,1,-1,1,-1,0,-1,-1,-1,1,-1,0,1,-1,-1,0,-1,0,0,1,-1,1,-1,-1,1,-1,1,0,0,1,0,1,1,-1,1,-1,-1,-1,1,1,1,1,1,1,1
"SNU182",1,1,0,1,1,1,0,0,0,0,1,0,-1,-1,1,-1,1,-1,-1,1,1,-1,-1,0,1,1,0,-1,0,-1,1,-1,1,-1,-1,-1,1,1,0,-1,0,0,-1,1,0,1,0,1,-1,1,1,-1,0,0,0,-1,0,1,1,1,-1,1,-1,0,1,1,-1,1
"SKNSH",0,1,0,0,1,0,0,0,1,0,1,0,0,0,0,0,1,0,0,0,1,0,0,0,1,1,0,0,1,0,0,0,-1,0,0,0,0,0,0,0,0,0,0,-1,0,0,0,1,0,0,1,-1,0,0,0,0,0,1,0,1,0,0,0,0,0,0,0,0
"MOLM13",1,1,1,0,0,0,1,0,0,1,1,0,0,1,1,0,0,1,0,1,0,0,0,1,-1,0,0,1,0,0,0,1,0,0,0,0,0,-1,0,0,0,0,0,0,0,0,1,-1,0,1,0,0,0,0,-1,0,1,-1,1,0,0,0,1,0,0,1,1,0
"WM793B",1,1,0,1,1,1,0,1,1,0,1,0,0,0,0,0,1,0,1,1,1,0,0,0,1,1,0,1,0,0,0,0,0,0,0,0,1,0,0,0,0,0,0,0,0,1,0,1,0,1,1,1,0,0,1,0,0,1,0,1,0,0,0,0,1,0,0,0
"YAPC",1,1,-1,0,0,1,-1,1,1,-1,1,1,-1,1,1,0,1,-1,0,1,1,1,0,-1,1,1,1,-1,1,-1,1,-1,1,-1,0,0,-1,-1,-1,-1,0,0,1,-1,0,-1,-1,1,-1,1,0,0,1,0,1,1,-1,1,-1,1,-1,-1,0,0,1,1,1,1
"TE10",1,1,1,1,1,1,-1,1,-1,-1,0,1,0,0,1,0,-1,-1,0,0,-1,-1,0,-1,-1,-1,1,0,0,-1,0,-1,1,1,0,-1,0,-1,1,0,-1,-1,1,1,1,0,-1,-1,-1,1,1,0,-1,-1,1,1,-1,1,-1,-1,-1,1,1,-1,0,1,0,-1
"TE9",0,1,-1,1,1,1,-1,1,-1,0,1,1,0,0,-1,0,1,1,0,1,-1,1,0,-1,1,-1,1,-1,0,-1,0,1,1,-1,0,-1,1,-1,0,1,-1,-1,0,0,1,1,0,-1,-1,1,1,0,-1,-1,1,1,-1,1,-1,-1,-1,1,0,-1,1,1,0,-1
"SNU449",1,1,1,1,-1,1,1,-1,1,-1,1,-1,-1,1,1,-1,1,-1,1,1,1,1,-1,1,1,1,-1,1,1,-1,0,-1,1,1,-1,-1,1,-1,0,0,0,0,0,-1,-1,1,-1,1,0,1,-1,1,-1,0,0,0,-1,1,-1,1,-1,1,0,0,1,0,1,0
"SKNFI",0,-1,0,-1,0,0,0,0,1,0,0,0,1,0,0,1,0,1,1,0,0,0,1,0,0,1,0,0,0,0,-1,1,0,0,1,0,1,0,1,1,0,0,1,0,1,1,0,0,-1,0,0,1,0,0,0,0,0,0,-1,1,-1,1,0,0,0,0,0,0
"MV411",1,1,1,0,0,0,1,0,0,1,0,0,0,0,1,0,0,0,0,0,0,0,0,1,0,0,0,1,0,0,0,0,0,0,0,0,0,0,0,0,0,0,0,-1,0,0,1,0,0,1,0,0,0,0,0,0,1,0,0,0,-1,0,0,0,0,0,0,0
"UACC893",1,1,-1,1,1,1,-1,1,0,-1,0,1,0,0,-1,-1,1,-1,1,1,1,1,-1,-1,1,0,1,-1,-1,-1,-1,-1,1,1,-1,-1,1,-1,0,-1,-1,-1,1,-1,0,1,-1,1,-1,1,1,1,1,-1,1,1,-1,1,-1,0,-1,1,1,0,0,0,0,-1
"TOV21G",0,1,0,0,0,1,0,0,0,0,1,1,0,1,0,0,0,0,0,0,-1,0,1,0,-1,0,1,0,1,1,1,0,0,1,0,1,1,-1,1,1,0,0,-1,0,0,-1,0,1,0,0,1,0,0,0,0,0,0,1,1,0,1,0,0,0,0,0,1,0
"SNB75",0,1,0,1,-1,1,0,1,1,0,1,-1,-1,0,0,-1,1,-1,0,1,1,-1,-1,0,1,1,-1,0,-1,-1,0,-1,0,-1,-1,-1,0,1,1,-1,-1,-1,-1,-1,-1,0,0,1,1,0,-1,0,-1,-1,1,1,0,1,0,1,0,1,0,1,1,1,0,-1
"SKHEP1",-1,1,0,0,1,0,0,0,1,-1,0,0,1,1,0,1,1,-1,0,0,1,1,1,0,1,1,0,0,0,-1,0,-1,0,0,1,-1,0,-1,0,1,-1,-1,1,0,1,0,0,1,0,0,1,0,0,-1,-1,0,0,1,-1,1,0,1,-1,0,0,-1,1,0
"VCAP",1,1,1,0,0,1,1,0,1,1,0,1,1,0,1,1,1,0,0,1,1,1,1,1,1,1,1,1,-1,0,1,0,0,0,1,-1,0,-1,0,1,0,0,1,1,1,0,-1,1,1,1,0,0,1,1,0,0,1,0,1,1,1,1,0,1,1,0,1,1
"YKG1",1,1,1,1,-1,1,1,1,1,1,1,-1,-1,0,1,0,1,-1,1,1,1,1,0,1,1,1,-1,1,-1,-1,0,-1,-1,-1,0,-1,1,0,0,0,-1,-1,0,-1,0,1,1,1,1,1,0,1,-1,-1,1,1,1,1,1,1,1,0,0,0,1,0,0,-1
"THP1",1,1,0,1,0,0,0,0,0,0,0,0,-1,1,0,0,1,-1,1,0,-1,0,0,0,-1,0,0,1,-1,0,0,-1,0,-1,0,0,1,1,0,-1,0,0,1,0,0,1,0,0,0,1,0,1,0,0,0,0,0,0,0,0,0,1,1,0,0,1,1,0
"SKOV3",0,1,0,0,0,0,0,0,-1,0,-1,1,-1,0,0,0,-1,-1,0,0,-1,1,0,0,-1,-1,1,0,0,-1,0,-1,0,0,0,-1,0,-1,0,-1,0,0,1,0,1,-1,1,-1,-1,1,-1,-1,-1,0,0,0,0,-1,0,-1,-1,0,0,0,0,-1,0,0
"TE11",1,1,-1,0,0,1,-1,1,-1,-1,0,1,0,0,-1,0,1,-1,0,1,1,0,0,-1,1,-1,1,-1,0,-1,1,-1,1,-1,0,0,0,0,0,1,-1,-1,0,0,0,0,-1,-1,-1,1,0,0,-1,-1,1,1,-1,0,1,-1,-1,1,-1,-1,1,1,0,-1
"TT",0,1,-1,1,-1,1,-1,1,-1,-1,1,1,1,1,-1,0,1,1,1,1,1,1,0,-1,1,-1,1,-1,0,-1,1,1,1,1,0,0,1,-1,-1,1,1,1,1,-1,-1,-1,-1,-1,-1,1,-1,-1,0,1,1,1,-1,1,-1,-1,-1,1,-1,-1,1,1,1,-1
"SUDHL8",0,-1,0,0,0,1,0,0,1,0,1,0,1,1,-1,1,1,1,1,1,1,0,1,0,-1,1,0,0,-1,1,0,1,-1,-1,1,0,1,-1,-1,1,0,0,1,0,0,-1,0,1,1,1,-1,1,0,0,0,0,0,1,1,1,1,-1,1,1,1,0,1,0
"SKMEL24",0,1,0,0,0,0,0,0,1,0,0,0,0,0,0,0,1,0,0,0,0,0,0,0,0,1,0,0,0,0,0,0,0,-1,0,0,0,-1,0,0,0,0,0,0,0,0,0,1,0,0,0,0,0,0,0,0,0,0,-1,1,-1,1,0,0,0,1,0,0
"SW837",0,1,0,0,0,1,0,0,0,-1,0,0,0,0,0,0,0,-1,0,1,0,0,0,0,0,0,0,1,0,0,1,-1,0,0,0,-1,0,0,-1,0,0,0,0,1,0,0,-1,0,-1,1,0,0,1,0,0,0,-1,0,-1,0,-1,0,-1,0,1,0,0,1
"T24",0,1,-1,-1,-1,1,-1,1,-1,-1,-1,1,0,-1,-1,0,-1,0,-1,1,-1,0,0,-1,-1,-1,1,-1,-1,-1,1,0,1,-1,0,1,-1,-1,1,0,-1,-1,1,0,1,-1,-1,-1,0,1,-1,-1,1,-1,1,1,-1,-1,-1,-1,-1,1,-1,-1,1,0,-1,1
"MCF7",1,1,-1,-1,-1,1,-1,0,1,-1,1,1,-1,-1,-1,0,1,1,-1,-1,-1,-1,-1,-1,1,1,1,-1,0,-1,-1,1,1,1,-1,-1,1,-1,-1,-1,0,0,0,-1,1,1,-1,1,-1,1,-1,0,1,0,0,0,-1,1,1,1,-1,0,-1,1,-1,-1,-1,-1
"UMUC3",1,1,0,-1,-1,1,0,1,1,-1,-1,1,1,-1,0,1,1,-1,-1,0,0,-1,0,0,-1,1,1,0,0,-1,-1,-1,0,-1,1,-1,-1,1,1,1,-1,-1,1,-1,1,-1,-1,1,-1,1,-1,-1,1,-1,1,0,-1,-1,-1,1,-1,1,1,-1,0,0,-1,1
"VMCUB1",1,1,1,1,0,1,1,1,0,0,1,1,0,-1,1,1,1,-1,1,1,1,1,1,1,-1,0,1,0,1,-1,0,-1,1,-1,1,0,0,-1,1,0,-1,-1,1,1,0,0,0,-1,0,1,0,1,1,-1,1,1,0,1,0,0,0,1,0,-1,1,1,-1,1
"SW1990",0,1,-1,0,0,1,-1,0,0,1,0,1,0,0,-1,-1,1,-1,0,1,1,1,0,1,0,0,1,0,-1,-1,1,-1,1,0,-1,-1,0,-1,-1,0,-1,-1,0,0,-1,0,0,1,-1,0,0,0,1,-1,0,0,0,0,-1,0,-1,-1,-1,-1,1,-1,0,1
"T47D",1,1,-1,0,-1,1,-1,1,-1,-1,1,1,-1,0,-1,1,-1,-1,1,1,1,0,1,-1,1,-1,1,1,-1,0,0,-1,1,1,1,-1,1,-1,-1,-1,-1,-1,1,-1,1,1,-1,-1,-1,1,-1,1,1,-1,1,1,-1,1,1,-1,-1,1,-1,0,1,1,0,1
"MKN28",1,-1,0,0,1,1,0,1,0,0,1,1,0,0,-1,0,0,0,0,1,0,-1,0,0,1,0,1,0,-1,0,0,0,0,0,0,0,0,-1,0,0,0,0,0,-1,1,0,0,0,0,1,1,0,1,0,1,1,0,1,0,0,-1,0,0,1,1,0,0,1
"U251",-1,1,-1,0,0,0,-1,1,1,-1,1,-1,0,-1,0,-1,0,0,1,-1,1,1,-1,-1,1,1,-1,0,0,0,1,0,0,-1,-1,-1,1,1,1,-1,0,0,0,-1,0,1,-1,0,0,0,0,1,-1,0,1,0,-1,1,-1,1,-1,1,0,0,-1,1,-1,-1
"VAESBJ",0,-1,-1,0,0,1,-1,0,1,-1,1,-1,0,1,0,0,1,1,0,0,1,1,0,-1,1,1,-1,0,0,-1,0,0,-1,0,0,-1,-1,-1,0,0,-1,-1,1,-1,0,-1,-1,1,-1,0,0,-1,-1,-1,1,0,-1,1,-1,1,-1,0,1,1,0,-1,1,-1
"SAS",1,1,-1,0,1,1,-1,1,0,-1,1,1,0,0,-1,0,1,1,0,1,1,0,0,-1,1,0,1,-1,0,-1,0,1,0,-1,0,-1,0,0,0,1,-1,-1,1,-1,1,0,-1,0,-1,1,1,0,1,-1,1,1,-1,1,1,0,0,1,0,-1,1,1,-1,1
"TE5",0,1,-1,1,0,1,-1,1,-1,-1,1,1,1,-1,-1,-1,1,1,0,1,1,1,-1,-1,1,-1,1,-1,0,-1,1,1,1,0,-1,-1,-1,-1,-1,1,-1,-1,0,-1,-1,-1,-1,-1,-1,1,-1,0,-1,-1,1,1,-1,1,-1,-1,-1,1,0,-1,1,1,-1,1
"SNU387",-1,-1,-1,1,0,1,-1,1,0,-1,0,1,-1,1,-1,0,0,-1,1,1,0,-1,0,-1,1,0,1,-1,0,-1,0,-1,-1,0,0,-1,1,-1,0,0,-1,-1,0,0,0,1,-1,0,1,-1,0,1,1,-1,1,1,-1,0,1,0,-1,0,1,-1,1,0,1,-1
"T98G",1,-1,-1,0,-1,1,-1,1,1,-1,1,0,0,0,-1,-1,1,1,0,1,1,0,-1,-1,1,1,0,0,-1,-1,1,1,-1,-1,-1,1,0,-1,1,0,-1,-1,0,0,-1,0,-1,0,-1,1,-1,0,0,-1,1,-1,-1,1,-1,1,-1,1,-1,1,1,0,0,0
"MC116",0,0,0,0,0,0,0,1,1,0,1,0,0,0,0,0,1,0,1,0,1,0,0,0,1,1,0,-1,1,0,1,0,0,1,0,0,0,0,0,0,0,0,0,0,0,0,0,1,0,0,0,1,0,0,1,0,0,1,0,1,0,1,0,1,0,1,0,0
"U87MG",-1,1,0,-1,0,1,0,0,1,-1,-1,0,0,-1,0,0,0,-1,-1,1,0,0,0,0,0,1,0,-1,0,-1,-1,-1,-1,0,0,-1,0,0,0,0,0,0,0,-1,0,0,-1,0,0,0,0,-1,-1,0,0,0,-1,-1,-1,1,-1,0,0,0,1,-1,0,-1
"TE6",1,1,1,1,1,1,1,0,0,1,1,1,1,1,1,-1,0,1,1,1,1,1,1,1,1,0,1,-1,-1,-1,1,1,1,-1,-1,-1,1,0,1,1,0,0,-1,1,1,1,1,-1,0,1,1,1,0,0,1,1,1,1,-1,0,-1,1,0,1,1,1,1,0
"TCCSUP",0,1,0,1,-1,1,0,0,1,0,1,0,0,1,0,0,1,1,1,1,1,-1,0,0,1,1,0,0,1,-1,1,1,0,0,0,0,1,-1,0,0,-1,-1,0,-1,0,1,0,1,0,0,-1,1,0,-1,0,0,0,1,0,1,0,1,-1,0,1,1,1,0
"SUDHL10",0,0,0,0,0,0,0,1,1,0,1,0,0,0,0,0,1,0,0,0,1,0,0,0,1,1,0,0,0,0,0,0,0,0,0,0,1,0,0,0,0,0,0,1,0,1,1,1,-1,-1,0,1,0,-1,-1,0,1,1,0,1,1,0,0,0,0,0,0,0
"T84",-1,1,-1,-1,0,1,-1,1,0,-1,1,0,1,0,-1,1,1,-1,1,1,1,-1,0,-1,1,-1,0,-1,0,-1,0,-1,0,0,0,1,-1,-1,-1,1,-1,-1,1,-1,1,-1,-1,0,1,0,0,0,0,-1,1,0,-1,1,-1,-1,0,-1,1,-1,1,-1,0,0
"CA922",1,1,-1,1,1,1,-1,1,0,1,-1,1,1,-1,-1,-1,0,-1,1,1,1,-1,-1,-1,1,-1,1,-1,-1,-1,-1,-1,-1,1,-1,-1,-1,-1,-1,1,-1,-1,1,-1,-1,-1,0,0,0,1,1,0,1,-1,1,1,0,-1,-1,-1,-1,1,1,1,1,1,-1,1
"CHP212",0,1,0,1,0,0,0,0,0,0,0,0,-1,0,0,0,0,0,1,0,0,1,0,0,0,0,0,0,0,0,0,0,0,-1,0,-1,1,0,-1,0,0,0,0,0,0,-1,0,0,0,0,1,1,0,0,0,0,0,0,0,0,0,0,0,0,0,0,0,0
"DKMG",0,1,0,0,0,0,0,-1,1,0,1,0,0,0,0,0,1,-1,0,0,1,-1,0,0,1,1,0,0,-1,0,0,-1,-1,-1,0,0,0,-1,0,0,0,0,0,0,1,0,0,1,0,0,0,0,0,0,-1,0,0,1,0,1,0,0,-1,0,0,0,0,0
"EGI1",1,1,0,0,0,0,0,0,-1,-1,-1,1,0,1,0,0,-1,0,0,0,-1,-1,0,-1,-1,-1,1,1,0,1,0,0,0,0,0,1,0,0,0,0,-1,-1,1,-1,0,0,-1,-1,-1,1,0,0,1,-1,0,-1,-1,-1,-1,-1,-1,1,-1,0,0,1,1,1
"CAKI1",1,-1,-1,1,0,1,-1,1,1,-1,1,0,1,-1,0,1,1,1,1,1,1,0,1,-1,1,1,0,0,0,1,1,1,-1,0,1,-1,1,-1,0,1,0,0,1,-1,1,1,-1,1,-1,1,0,1,0,0,1,1,-1,1,1,1,-1,1,-1,-1,1,1,-1,-1
"COLO679",-1,1,0,1,0,1,0,0,1,0,1,0,0,0,-1,0,1,0,1,1,1,0,0,0,1,1,0,0,0,-1,-1,0,0,-1,0,0,0,0,0,0,0,0,0,1,0,0,0,1,1,0,0,1,0,0,0,0,0,1,0,1,0,0,0,0,1,0,0,0
"CAL78",-1,1,1,-1,0,0,1,1,0,1,-1,-1,1,0,0,-1,0,-1,-1,0,-1,-1,0,1,1,0,-1,0,1,0,1,-1,-1,-1,-1,1,-1,-1,1,1,1,1,0,1,-1,-1,-1,0,0,1,0,-1,-1,1,1,0,-1,-1,1,0,-1,0,-1,1,0,0,0,-1
"DMS53",1,-1,1,1,-1,0,1,0,1,-1,-1,1,1,-1,-1,1,1,1,1,0,1,-1,0,-1,-1,1,1,1,-1,1,1,1,-1,1,1,1,1,-1,1,1,-1,-1,1,-1,1,1,-1,1,-1,1,-1,0,1,-1,0,0,-1,-1,-1,1,-1,-1,-1,-1,0,1,0,1
"EM2",1,-1,1,0,0,1,1,1,0,1,0,0,-1,1,1,0,-1,1,0,1,-1,1,0,1,-1,0,0,1,1,1,-1,1,-1,1,0,0,0,-1,0,0,1,1,-1,1,0,0,1,-1,1,1,-1,0,0,1,1,1,1,-1,1,0,1,1,1,1,1,1,1,0
"A375",0,-1,0,1,0,1,0,-1,0,1,-1,0,0,-1,0,0,1,0,1,-1,0,-1,0,0,1,0,0,-1,0,-1,0,0,-1,-1,0,-1,1,1,0,-1,0,0,1,-1,0,1,1,1,1,0,0,1,0,0,-1,0,1,1,0,0,-1,1,-1,-1,1,-1,-1,1
"AM38",1,1,-1,1,0,0,-1,-1,0,1,0,1,1,0,-1,1,0,-1,1,0,0,1,1,-1,0,0,1,0,0,1,1,-1,0,1,1,1,1,0,0,1,0,0,1,-1,1,1,1,0,0,1,0,1,1,0,-1,0,1,0,-1,0,0,1,0,-1,0,0,0,1
"BE2M17",0,1,-1,1,1,0,-1,0,-1,0,1,0,0,0,0,0,-1,0,1,0,0,0,0,-1,1,-1,0,0,0,0,0,0,0,0,0,-1,1,-1,-1,0,0,0,0,0,0,1,0,-1,0,0,1,1,0,0,0,0,0,1,-1,-1,-1,0,0,0,0,0,0,0
"CAS1",0,1,-1,-1,-1,1,-1,1,1,-1,1,-1,-1,0,-1,-1,1,0,0,1,1,1,-1,-1,1,1,-1,0,-1,-1,-1,0,0,-1,-1,-1,-1,0,-1,-1,-1,-1,0,-1,0,-1,-1,1,1,1,-1,-1,-1,-1,1,0,-1,1,1,1,-1,1,1,0,1,1,0,-1
"COLO678",-1,1,-1,1,-1,1,-1,0,1,-1,1,1,1,1,-1,1,1,0,1,1,1,1,1,-1,1,1,1,0,1,-1,-1,1,0,1,1,0,1,0,0,1,0,-1,1,-1,1,1,-1,1,0,0,0,1,1,0,1,1,-1,1,-1,1,-1,1,-1,0,1,1,1,1
"DANG",1,-1,0,1,0,1,0,1,1,0,1,1,0,0,-1,-1,1,0,-1,1,1,1,-1,0,1,1,1,1,-1,-1,0,0,1,-1,-1,0,0,-1,-1,1,-1,-1,1,0,-1,-1,0,1,-1,1,-1,-1,1,-1,1,1,0,1,-1,1,-1,1,0,-1,1,1,0,1
"DOK",1,1,-1,1,-1,1,-1,-1,-1,-1,-1,0,0,0,-1,-1,-1,1,1,1,1,0,-1,-1,1,-1,0,-1,0,0,-1,1,1,-1,-1,0,0,-1,-1,0,-1,-1,0,0,-1,0,-1,-1,-1,1,-1,0,0,-1,-1,-1,-1,1,-1,-1,-1,1,0,0,1,1,0,0
"ES4",1,1,-1,1,1,1,-1,0,1,-1,1,-1,-1,-1,0,-1,1,0,1,1,1,-1,-1,-1,1,1,-1,1,0,-1,0,0,1,0,-1,-1,1,-1,0,-1,0,0,0,-1,0,1,-1,1,0,1,1,1,0,0,0,0,-1,1,-1,1,-1,0,0,1,1,-1,-1,0
"A388",1,1,-1,-1,-1,1,-1,1,0,-1,1,-1,-1,-1,-1,-1,0,-1,-1,1,1,-1,-1,-1,1,-1,-1,-1,-1,-1,-1,-1,1,-1,-1,-1,-1,-1,0,-1,0,-1,0,-1,0,-1,-1,1,-1,1,0,-1,-1,-1,1,1,-1,1,-1,-1,-1,1,1,1,1,1,-1,0
"CAMA1",1,1,0,0,-1,0,0,0,1,0,0,1,-1,1,0,0,0,0,1,0,0,0,0,0,0,1,1,1,-1,0,1,0,0,-1,0,-1,0,0,-1,-1,0,0,-1,0,0,0,0,0,-1,1,-1,1,-1,0,1,0,0,0,0,1,-1,0,-1,-1,0,0,1,-1
"CASKI",1,1,1,-1,1,1,1,1,1,0,1,1,-1,1,1,0,1,-1,0,1,1,1,0,0,1,1,1,-1,0,-1,1,-1,1,-1,0,-1,0,1,0,-1,-1,-1,0,1,0,0,0,1,-1,1,-1,0,1,-1,1,0,0,1,-1,1,-1,1,0,0,1,1,1,1
"CORL105",1,1,0,1,0,-1,0,-1,0,0,-1,0,1,-1,0,-1,1,-1,1,0,1,0,-1,0,1,0,0,-1,0,-1,0,-1,0,0,-1,-1,0,-1,-1,1,-1,-1,0,-1,0,-1,-1,1,1,1,0,0,0,-1,0,0,-1,0,-1,0,-1,1,-1,0,0,-1,-1,0
"D502MG",0,1,-1,-1,0,1,-1,1,1,-1,1,0,-1,-1,-1,0,1,0,0,1,1,-1,0,-1,1,1,0,0,0,-1,0,0,0,0,0,0,0,-1,0,-1,-1,-1,0,-1,0,0,-1,1,-1,0,1,0,0,-1,1,1,-1,1,-1,1,-1,0,0,0,1,-1,-1,0
"DU145",0,1,0,0,0,0,0,1,0,-1,0,0,-1,0,0,0,1,-1,0,0,1,0,0,-1,1,0,0,0,0,0,-1,-1,1,0,0,-1,0,-1,-1,-1,-1,-1,1,1,1,0,-1,1,-1,1,1,1,0,-1,1,1,-1,1,-1,0,-1,1,-1,1,0,1,1,1
"EN",-1,1,-1,1,0,0,-1,0,0,-1,-1,-1,0,0,0,0,0,-1,1,0,-1,0,0,-1,-1,0,-1,0,0,-1,-1,-1,0,0,0,-1,1,0,0,0,-1,-1,0,-1,0,1,-1,0,1,0,0,1,0,-1,0,0,-1,-1,-1,0,0,0,0,-1,0,-1,0,1
"ARH77",1,-1,0,0,0,0,0,0,0,0,0,0,0,0,-1,0,1,0,0,0,0,0,0,0,0,0,0,0,-1,0,0,0,0,0,0,-1,0,-1,0,0,0,-1,0,0,0,0,0,1,-1,1,0,0,0,-1,0,0,0,0,0,0,-1,1,0,0,0,1,0,0
"BFTC909",1,1,0,-1,-1,1,0,1,1,0,1,0,0,1,0,0,1,0,-1,1,1,0,0,0,1,1,0,-1,1,-1,1,0,-1,1,0,-1,-1,1,0,0,-1,-1,0,0,0,-1,0,1,1,1,-1,-1,0,-1,1,-1,0,1,0,1,0,1,0,0,1,0,-1,-1
"CALU6",1,1,1,-1,0,1,1,0,0,1,1,0,1,-1,1,0,0,-1,0,1,-1,-1,0,1,1,0,0,-1,-1,-1,0,-1,0,0,0,0,-1,-1,-1,1,-1,-1,1,-1,0,-1,1,0,0,1,0,0,0,-1,0,0,1,1,0,0,0,0,-1,-1,1,0,-1,-1
"C33A",0,1,0,0,0,1,0,-1,0,0,0,0,-1,0,0,0,0,0,0,0,0,0,0,0,1,0,0,0,0,0,0,0,0,0,0,0,0,-1,0,0,0,0,0,0,0,0,0,1,0,0,0,0,0,0,0,0,0,0,0,1,0,0,0,0,0,0,0,0
"COLO792",-1,-1,-1,-1,0,0,-1,0,1,-1,0,0,0,1,0,0,1,0,-1,0,-1,1,0,-1,-1,1,0,-1,-1,-1,-1,0,-1,0,0,0,-1,-1,-1,0,0,0,0,0,0,-1,-1,1,0,-1,0,-1,0,0,0,0,-1,-1,0,1,0,0,-1,-1,0,0,-1,0
"CORL23",1,1,-1,1,0,1,-1,1,0,-1,0,1,1,-1,-1,0,1,0,0,1,0,0,0,-1,0,0,1,1,-1,0,0,0,1,-1,0,1,0,-1,0,0,0,0,1,1,0,0,-1,0,1,1,0,1,1,0,1,1,-1,0,0,0,0,1,-1,0,1,1,-1,1
"DAOY",0,1,1,0,1,-1,1,1,0,1,1,-1,1,1,1,1,0,-1,0,-1,1,-1,1,1,1,1,-1,0,-1,0,1,-1,1,-1,1,-1,0,1,1,1,-1,-1,1,-1,1,0,1,1,-1,0,1,0,-1,-1,1,1,1,1,-1,1,-1,0,0,1,-1,0,1,0
"DOTC24510",1,1,0,1,1,1,0,1,-1,0,-1,-1,0,1,0,0,0,-1,1,1,1,0,0,0,-1,-1,-1,0,1,-1,-1,-1,1,-1,0,-1,-1,1,1,0,0,1,-1,0,0,-1,0,0,-1,1,1,0,-1,1,1,1,0,0,1,-1,-1,1,1,-1,1,1,1,1
"A431",1,1,-1,1,0,1,1,1,0,-1,1,1,0,1,-1,-1,0,-1,1,1,1,0,-1,1,1,-1,1,1,1,-1,-1,-1,0,1,-1,1,1,1,1,-1,0,0,0,1,0,1,-1,0,-1,1,-1,1,-1,0,1,1,-1,1,-1,-1,-1,0,1,-1,1,-1,1,-1
"BHY",1,1,-1,-1,-1,1,-1,0,0,1,1,1,0,0,1,-1,0,-1,-1,1,0,0,-1,-1,1,0,1,-1,-1,0,0,-1,1,-1,-1,1,-1,1,-1,0,1,1,1,1,-1,-1,1,0,-1,1,-1,-1,1,1,0,1,1,1,-1,0,-1,1,-1,-1,1,1,0,0
"C2BBE1",-1,1,-1,0,1,1,-1,0,1,-1,0,1,1,0,-1,0,0,1,0,1,0,0,0,-1,0,1,1,-1,0,-1,1,1,-1,1,0,0,0,-1,-1,1,-1,-1,1,-1,0,0,-1,1,0,-1,1,0,1,-1,0,0,-1,0,0,1,0,1,0,0,1,1,0,1
"CAPAN1",1,1,0,1,1,1,0,1,0,-1,1,1,-1,-1,0,1,1,-1,0,0,1,1,1,0,1,0,1,0,-1,-1,1,-1,1,-1,1,-1,-1,-1,0,-1,-1,-1,-1,0,1,-1,0,0,0,1,-1,0,1,-1,1,0,0,1,-1,0,1,1,-1,-1,0,1,-1,1
"CFPAC1",-1,1,-1,1,-1,1,-1,1,0,-1,-1,0,-1,0,-1,0,1,-1,1,1,-1,1,0,-1,0,0,0,-1,1,-1,0,-1,1,0,0,-1,0,-1,0,-1,0,0,1,-1,0,0,-1,1,-1,-1,-1,-1,1,0,1,1,-1,-1,-1,0,-1,1,-1,0,1,-1,0,1
"DETROIT562",1,1,-1,0,-1,1,-1,1,-1,0,1,1,1,0,-1,1,1,0,0,1,1,0,1,-1,1,-1,1,0,-1,-1,0,0,1,-1,1,-1,0,-1,-1,0,1,1,1,1,-1,0,0,1,-1,1,-1,0,1,1,1,1,0,1,-1,-1,0,1,-1,-1,1,1,1,1
"DB",-1,-1,1,0,0,1,1,1,1,1,1,1,0,0,1,0,1,-1,0,1,1,1,0,1,1,1,1,1,0,-1,-1,-1,0,1,0,1,0,-1,0,0,0,0,0,0,0,0,1,1,-1,1,0,0,1,0,-1,-1,1,1,-1,1,-1,1,0,1,1,1,0,1
"BICR78",0,1,-1,0,0,1,-1,1,-1,-1,1,-1,-1,-1,-1,-1,1,-1,1,1,1,-1,-1,-1,1,-1,-1,-1,1,-1,-1,-1,1,-1,-1,-1,0,-1,0,0,-1,-1,0,-1,1,0,-1,1,-1,1,1,-1,1,-1,1,1,-1,1,-1,-1,-1,1,-1,-1,1,0,-1,1
"COLO824",-1,1,0,1,1,1,0,0,1,0,1,0,1,1,-1,-1,1,1,1,1,1,0,-1,0,1,1,0,0,0,-1,1,1,0,-1,-1,0,1,1,1,1,0,0,1,0,0,1,0,1,0,1,1,1,0,0,0,0,0,1,0,1,0,-1,0,1,1,-1,1,0
"EFM19",1,1,0,1,-1,1,0,1,0,-1,0,-1,0,1,0,-1,-1,1,1,1,-1,1,-1,0,1,0,-1,-1,-1,-1,-1,1,1,1,-1,-1,1,-1,0,-1,1,1,0,-1,1,1,-1,-1,0,1,0,1,-1,1,1,1,-1,0,0,0,-1,1,1,0,1,-1,1,-1
"A172",-1,-1,0,1,0,0,0,0,-1,0,1,0,-1,-1,0,-1,1,-1,1,0,1,0,-1,-1,1,-1,0,0,-1,-1,0,-1,-1,0,-1,0,1,-1,-1,-1,-1,-1,-1,-1,-1,1,0,1,-1,-1,0,0,0,-1,1,0,0,1,0,-1,-1,1,-1,1,0,0,0,-1
"A673",0,1,0,-1,0,0,0,0,0,0,0,1,0,0,0,0,0,0,0,0,0,-1,0,0,0,0,1,0,0,0,-1,0,0,0,0,-1,0,0,0,0,-1,-1,0,0,0,0,0,0,-1,0,0,0,1,-1,0,0,0,0,0,0,-1,0,0,0,0,0,0,1
"CAL72",1,1,-1,1,1,0,-1,-1,-1,-1,1,-1,1,1,-1,0,-1,0,1,1,-1,1,0,-1,-1,-1,-1,1,0,-1,1,0,0,-1,0,0,1,0,1,1,1,1,1,0,0,1,-1,-1,0,1,1,1,0,1,1,0,-1,1,1,-1,-1,1,0,0,1,0,1,0
"CHAGOK1",1,1,1,1,0,1,1,1,1,0,1,0,0,0,1,0,1,-1,1,1,1,0,0,1,1,1,0,-1,-1,0,1,-1,0,0,0,-1,0,-1,1,0,0,0,-1,1,0,1,0,1,-1,1,0,1,0,0,1,1,0,1,0,1,-1,1,0,0,1,1,0,0
"EFO27",0,1,-1,0,0,1,-1,-1,0,-1,0,0,0,0,-1,0,0,0,0,1,1,-1,0,-1,1,0,0,0,0,-1,0,0,0,0,0,0,-1,-1,0,0,-1,-1,0,-1,0,-1,-1,1,-1,0,0,-1,0,-1,-1,-1,-1,0,-1,0,-1,0,0,0,1,0,0,1
"EW1",0,1,0,0,0,1,0,1,0,0,0,0,0,0,0,0,0,0,0,1,0,-1,0,0,0,0,0,1,0,0,0,0,0,0,0,-1,0,1,0,0,0,0,0,0,0,0,0,0,-1,1,0,0,0,0,1,-1,0,0,-1,0,-1,1,0,0,1,1,0,0
"MELJUSO",1,-1,0,0,0,1,0,1,1,0,1,0,0,0,0,0,0,0,0,1,1,0,0,0,1,1,0,0,0,0,1,0,0,0,0,0,0,-1,0,0,0,0,0,1,0,0,0,1,1,1,0,0,0,0,1,1,0,1,1,1,1,0,0,0,1,0,0,0
"SF539",1,1,1,1,1,1,1,1,0,-1,1,-1,0,1,1,-1,-1,0,1,1,1,0,-1,1,1,1,-1,1,-1,1,1,0,0,-1,-1,-1,1,1,1,0,-1,-1,0,-1,0,1,1,0,1,1,1,1,-1,1,1,1,1,1,-1,1,1,0,0,0,1,0,1,-1
"SUPT1",0,1,1,0,1,1,1,1,1,0,1,0,0,1,0,1,1,0,0,1,-1,1,1,1,1,1,0,0,0,1,1,0,1,0,1,0,0,-1,0,0,0,0,1,1,1,0,0,1,1,1,-1,1,0,0,0,0,0,1,1,1,1,1,-1,1,1,1,1,-1
"KP4",-1,1,0,-1,0,0,0,1,1,-1,-1,0,1,0,0,0,1,-1,0,0,1,1,0,-1,1,1,0,-1,0,-1,1,-1,1,0,0,-1,-1,0,0,1,0,-1,1,-1,0,-1,-1,1,-1,1,0,-1,0,-1,1,1,-1,1,0,1,-1,1,1,1,0,1,0,0
"HDMYZ",1,1,1,-1,1,1,1,1,1,1,1,0,-1,0,1,-1,1,-1,-1,1,-1,-1,-1,-1,0,1,0,1,-1,-1,1,-1,0,-1,-1,-1,-1,-1,1,-1,-1,-1,-1,-1,0,-1,1,1,-1,1,-1,1,0,-1,1,1,1,1,-1,1,1,1,1,1,1,-1,0,1
"JEG3",-1,1,0,0,1,1,0,0,-1,0,-1,0,0,0,0,0,0,0,0,1,1,-1,0,0,1,-1,0,-1,0,-1,1,0,1,1,0,0,-1,-1,0,0,0,0,0,1,0,1,0,0,0,-1,1,0,0,0,0,0,0,1,0,-1,0,1,0,0,1,1,0,0
"MDAMB231",1,0,0,0,-1,1,0,0,1,0,0,1,-1,1,0,-1,0,-1,0,1,0,0,-1,0,0,1,1,-1,0,-1,0,-1,0,0,-1,-1,0,-1,-1,-1,0,0,-1,-1,-1,0,0,0,0,1,-1,0,0,0,0,-1,0,0,0,1,0,1,-1,0,1,1,1,1
"SKES1",1,1,0,1,0,0,0,0,1,0,1,0,1,0,0,1,1,0,1,0,1,-1,1,0,1,1,0,-1,0,0,0,0,0,0,1,-1,1,1,1,1,0,0,1,-1,1,1,0,1,0,1,0,1,0,0,0,0,0,1,-1,1,-1,0,0,0,0,0,0,0
"KYM1",-1,1,-1,0,-1,-1,-1,0,0,-1,-1,-1,-1,-1,0,-1,0,0,0,-1,0,-1,-1,-1,1,0,-1,-1,0,-1,-1,0,1,0,-1,-1,-1,-1,0,-1,0,0,0,-1,0,-1,-1,-1,1,0,0,-1,0,0,0,0,-1,-1,-1,0,-1,0,0,0,-1,-1,-1,0
"KON",1,-1,-1,0,-1,1,-1,1,-1,-1,0,0,-1,0,-1,0,-1,0,0,1,-1,-1,0,-1,1,-1,0,-1,0,0,0,0,0,-1,0,1,0,0,-1,-1,-1,-1,0,-1,0,0,-1,-1,-1,1,-1,0,1,-1,1,1,-1,0,-1,-1,-1,1,-1,-1,1,1,0,-1
"HS766T",1,1,0,1,0,1,0,0,0,0,1,1,-1,0,0,0,1,0,1,1,1,0,0,0,1,0,1,1,0,0,1,0,0,-1,0,1,1,1,1,-1,0,0,0,1,0,1,0,1,0,1,0,1,1,0,0,0,0,1,0,1,0,1,0,0,1,1,0,1
"HCC827",-1,1,-1,1,0,0,-1,1,1,-1,1,-1,1,-1,-1,1,1,-1,1,1,1,-1,-1,-1,1,1,-1,-1,-1,-1,-1,-1,1,-1,-1,-1,-1,0,1,1,0,0,1,-1,0,-1,-1,1,-1,1,1,-1,-1,0,1,0,1,1,-1,1,-1,1,1,-1,0,1,-1,1
"SW948",0,-1,1,0,1,1,1,0,1,0,1,1,0,0,0,0,1,1,0,1,1,0,0,1,1,1,1,0,-1,-1,-1,1,-1,-1,0,1,0,-1,-1,0,-1,-1,0,-1,0,0,0,1,0,0,1,0,1,-1,0,0,0,1,0,1,0,1,0,-1,1,1,0,1
"HCE4",1,1,-1,1,-1,1,-1,1,-1,1,1,1,1,1,-1,1,-1,-1,1,1,1,1,1,-1,1,1,1,-1,-1,0,-1,-1,0,-1,1,-1,1,-1,1,1,-1,-1,1,-1,1,1,-1,-1,-1,1,-1,1,1,-1,1,1,-1,1,-1,-1,-1,1,1,-1,1,1,1,1
"MDAMB361",1,-1,-1,0,0,1,-1,0,-1,-1,0,1,1,0,-1,0,-1,0,-1,0,0,1,0,-1,-1,-1,1,1,0,0,-1,0,-1,0,0,-1,0,-1,-1,1,0,0,1,-1,0,-1,-1,-1,-1,1,0,-1,-1,0,0,0,-1,0,-1,-1,-1,1,0,-1,1,1,0,-1
"SUIT2",1,1,-1,0,0,1,-1,0,0,-1,0,1,1,0,-1,1,0,-1,0,1,0,-1,1,-1,1,0,1,0,0,-1,-1,-1,-1,0,1,-1,-1,0,0,1,0,0,1,1,0,-1,-1,1,-1,1,0,-1,1,0,0,0,-1,0,-1,0,0,0,1,-1,1,0,-1,1
"KNS42",-1,-1,-1,1,1,0,-1,1,0,1,1,0,0,-1,0,-1,1,0,1,-1,1,1,-1,-1,1,0,0,-1,0,1,-1,0,-1,-1,-1,-1,1,0,1,0,-1,-1,0,1,0,1,0,1,0,-1,1,1,1,-1,1,0,0,1,-1,0,-1,1,1,-1,-1,1,-1,1
"HSC4",1,1,0,1,1,1,0,1,0,0,1,1,1,0,0,0,1,1,1,1,1,1,0,0,1,0,1,-1,1,-1,0,1,1,0,0,0,1,1,1,1,-1,-1,1,0,0,1,0,-1,0,1,1,1,1,-1,1,1,0,1,0,0,-1,1,0,-1,1,0,0,-1
"HT1080",0,1,0,0,0,0,0,1,0,0,0,0,0,0,0,0,0,0,0,0,0,0,0,0,1,0,0,0,0,-1,0,0,0,0,0,0,0,0,0,0,0,0,0,-1,0,-1,0,0,0,0,0,0,0,0,1,1,0,0,0,0,0,0,0,0,0,1,0,0
"JURLMK1",1,1,0,0,0,1,0,0,0,1,1,1,0,1,0,0,0,0,0,1,0,0,0,0,-1,-1,1,1,-1,1,0,0,0,0,0,-1,1,-1,0,0,0,0,-1,1,0,1,1,0,0,1,0,0,1,0,-1,0,1,-1,0,-1,1,0,0,0,1,0,1,0
"IPC298",0,1,-1,-1,1,1,-1,1,1,1,1,-1,1,1,1,-1,1,0,0,1,1,-1,-1,1,1,1,-1,1,1,0,-1,0,0,0,-1,-1,-1,-1,1,1,-1,-1,0,1,0,-1,1,1,1,1,-1,-1,0,-1,1,1,1,1,-1,1,-1,0,1,1,1,-1,1,0
"MDAMB453",1,1,-1,1,0,1,-1,1,0,-1,-1,1,0,-1,-1,0,0,1,1,1,0,1,0,-1,0,0,-1,0,0,-1,0,1,1,0,0,-1,1,-1,0,0,-1,-1,0,1,0,1,-1,0,0,1,0,1,1,-1,1,0,-1,-1,0,0,0,0,0,0,1,0,-1,1
"SKMES1",0,1,-1,1,-1,0,-1,1,-1,-1,1,1,-1,-1,-1,-1,-1,-1,1,1,1,1,-1,-1,1,1,1,-1,-1,1,-1,-1,1,-1,-1,1,1,1,1,-1,1,1,-1,-1,0,1,-1,-1,-1,1,-1,1,1,1,1,1,-1,1,0,1,-1,1,1,1,1,1,-1,-1
"SKUT1",0,1,0,0,0,0,0,0,0,0,0,0,0,0,0,0,0,-1,0,0,0,0,0,0,0,0,0,0,0,0,0,-1,0,0,0,0,0,0,0,0,0,0,0,0,0,0,0,1,0,0,0,0,0,0,0,0,0,0,0,0,0,0,0,0,0,1,0,0
"KP1N",0,-1,1,1,1,1,-1,1,0,-1,1,1,-1,-1,0,-1,1,-1,1,1,1,-1,-1,-1,1,0,1,-1,0,-1,0,-1,-1,-1,-1,1,1,-1,1,-1,-1,-1,1,-1,-1,1,-1,-1,-1,0,0,1,1,-1,1,1,-1,1,-1,0,-1,1,1,-1,1,1,-1,1
"HT1376",1,-1,-1,0,1,1,-1,1,0,-1,1,0,-1,-1,-1,0,0,1,1,1,1,-1,0,-1,0,0,0,0,-1,-1,1,1,-1,1,0,1,0,-1,1,-1,0,0,-1,0,0,0,-1,0,1,1,1,0,1,0,1,1,-1,1,0,0,0,1,0,-1,1,1,-1,1
"HPAFII",1,1,-1,0,1,1,-1,1,-1,-1,1,1,-1,-1,-1,1,1,-1,0,1,1,-1,1,-1,1,-1,1,1,1,-1,1,-1,1,-1,1,-1,0,-1,-1,-1,-1,-1,1,-1,1,0,-1,-1,-1,1,1,0,1,-1,1,1,-1,1,1,-1,-1,1,-1,1,1,0,-1,1
"JJN3",1,-1,0,-1,-1,1,0,0,-1,0,1,0,-1,1,0,-1,-1,-1,1,0,0,0,-1,0,1,-1,0,1,-1,0,1,-1,-1,-1,-1,-1,1,-1,0,-1,1,1,-1,0,-1,0,0,-1,1,1,0,1,1,1,1,1,0,1,0,1,0,1,-1,1,0,1,1,1
"SKMG1",-1,1,-1,0,-1,1,-1,1,1,-1,1,1,-1,1,1,-1,1,-1,0,1,1,-1,-1,-1,1,1,1,-1,1,-1,1,-1,1,-1,-1,1,0,-1,1,0,-1,-1,1,-1,0,0,-1,1,-1,0,-1,0,1,-1,1,-1,-1,1,-1,1,1,1,1,1,1,1,1,1
"H4",0,-1,0,0,-1,0,0,1,1,1,1,0,1,1,1,0,1,-1,0,0,1,0,0,-1,1,1,0,0,0,1,1,-1,0,-1,0,1,0,-1,1,1,0,0,0,-1,0,0,1,1,-1,0,-1,0,0,0,-1,1,1,1,0,1,-1,1,-1,1,0,1,1,0
"HT55",1,-1,0,0,0,1,0,0,1,0,1,0,-1,0,0,-1,1,0,0,1,1,-1,-1,0,1,1,0,-1,-1,-1,0,0,-1,-1,-1,0,0,-1,-1,-1,-1,-1,-1,-1,-1,0,0,1,0,1,0,0,0,-1,0,0,0,1,0,1,0,0,1,-1,0,0,0,0
"SKMM2",1,0,0,0,1,0,0,0,0,0,0,1,0,0,0,1,0,-1,0,0,0,0,1,0,-1,0,1,-1,-1,0,0,-1,-1,0,1,0,0,-1,-1,0,0,0,0,-1,0,0,0,0,0,1,1,0,1,0,0,0,0,0,0,0,0,0,-1,0,0,0,0,1
"JHH6",1,1,-1,1,0,1,-1,-1,1,-1,1,1,1,0,-1,0,1,1,0,1,1,-1,0,-1,1,1,1,-1,0,-1,1,1,0,1,0,0,0,0,0,1,-1,-1,1,0,0,0,-1,1,1,1,0,0,1,-1,-1,-1,-1,1,0,1,0,1,0,0,1,1,0,1
"IM95",1,1,0,-1,0,0,0,0,1,-1,1,0,0,0,0,0,1,0,0,0,1,0,0,-1,1,1,0,1,0,-1,0,0,0,0,0,-1,0,0,0,0,0,0,0,-1,0,0,-1,1,0,1,0,0,0,0,0,0,-1,1,-1,1,0,0,0,0,0,-1,0,0
"TOV112D",1,1,0,1,1,0,0,0,0,0,0,0,1,1,0,1,0,0,1,1,0,1,1,0,0,0,0,1,0,0,0,0,0,1,1,0,1,1,-1,1,0,0,1,0,1,1,0,0,0,1,1,1,0,0,0,0,0,0,0,0,0,0,1,1,0,0,1,0
"SKN",1,1,0,-1,-1,1,0,-1,1,0,1,0,0,0,0,1,1,-1,-1,1,0,0,1,0,1,1,0,1,0,-1,1,-1,1,0,1,0,-1,1,1,0,-1,1,1,-1,1,-1,0,1,-1,1,-1,-1,0,-1,-1,-1,0,0,-1,1,-1,1,0,0,1,1,0,0
"KARPAS422",0,1,0,0,0,1,0,1,0,0,0,0,0,0,0,0,0,0,0,1,0,1,0,0,0,0,0,0,0,0,0,0,1,0,0,0,0,0,0,0,0,0,0,0,0,0,0,0,0,0,-1,0,0,0,0,0,0,0,0,0,0,0,0,0,1,0,0,1
"HUPT4",0,1,0,1,0,1,0,1,0,0,0,1,1,1,0,0,0,0,1,1,0,1,0,0,-1,0,1,1,0,0,0,0,0,0,0,1,1,1,0,1,0,0,1,0,0,1,0,0,1,0,0,1,1,0,1,1,0,0,1,0,0,0,-1,1,1,0,1,1
"SKPNDW",1,1,0,-1,0,0,0,0,1,0,0,-1,0,0,0,0,0,-1,0,0,0,0,0,0,0,1,-1,0,-1,0,0,-1,0,-1,0,-1,-1,0,0,0,0,0,-1,0,0,-1,0,1,0,1,0,0,-1,0,0,0,0,0,0,1,0,0,0,0,0,0,0,-1
"JHH7",0,-1,0,-1,1,1,0,0,0,0,-1,1,1,0,0,1,1,-1,1,1,-1,1,1,0,-1,1,1,-1,0,0,0,-1,1,-1,1,0,1,-1,0,1,-1,-1,1,1,1,-1,0,1,-1,0,1,1,0,-1,-1,0,0,-1,0,1,-1,1,0,-1,1,1,0,-1
"SW1573",1,1,-1,1,1,1,-1,-1,1,-1,1,-1,1,1,-1,1,1,-1,1,0,1,0,1,-1,1,1,-1,-1,-1,-1,1,-1,-1,1,1,-1,0,1,1,0,-1,-1,1,-1,1,0,-1,-1,-1,1,1,1,-1,-1,-1,-1,-1,1,-1,1,-1,1,1,-1,0,1,1,-1
"SKN3",0,1,1,1,1,0,1,1,-1,0,1,0,1,0,1,0,-1,-1,1,1,1,0,0,1,1,-1,0,1,0,-1,1,-1,-1,-1,0,-1,1,-1,0,1,1,1,1,1,1,1,0,-1,-1,0,0,0,0,1,1,0,0,1,1,-1,-1,1,1,-1,1,0,0,0
"SKMEL30",0,1,-1,1,0,1,-1,1,0,-1,-1,1,0,1,-1,0,0,-1,1,1,-1,-1,0,-1,-1,0,1,0,0,-1,1,-1,-1,0,0,-1,1,-1,1,0,-1,-1,0,0,0,1,-1,0,1,0,0,1,-1,-1,1,1,-1,-1,-1,0,-1,0,-1,0,1,0,1,-1
"JAR",1,1,-1,1,0,1,-1,0,1,-1,-1,-1,-1,-1,-1,0,1,1,-1,1,1,-1,0,-1,1,1,-1,-1,-1,0,1,1,0,-1,0,-1,-1,0,-1,1,0,0,0,-1,1,-1,0,1,1,1,0,-1,-1,0,1,1,-1,1,1,1,-1,1,0,0,0,1,-1,-1
"JHU011",1,1,-1,1,-1,1,-1,1,1,0,1,1,1,0,0,-1,1,1,1,1,1,1,-1,-1,1,1,1,-1,1,-1,-1,1,1,0,-1,1,1,1,-1,1,-1,-1,0,-1,-1,1,0,1,-1,1,-1,1,-1,-1,1,-1,0,1,-1,1,-1,1,0,1,1,1,0,0
"IM9",0,0,0,0,0,0,0,0,0,0,0,0,0,-1,0,0,0,0,0,0,0,-1,0,0,0,0,0,0,0,0,0,0,0,0,0,0,0,0,0,0,0,0,0,0,0,0,0,0,0,0,0,0,0,0,0,0,0,0,0,0,0,0,-1,0,0,0,-1,0
"JHU022",1,1,-1,-1,0,1,-1,1,-1,-1,1,1,-1,1,-1,-1,1,1,0,1,1,1,-1,-1,1,-1,1,1,0,0,-1,1,1,-1,-1,-1,-1,-1,0,-1,1,1,0,-1,0,-1,-1,1,-1,1,0,-1,1,1,1,1,-1,1,-1,-1,-1,1,1,-1,1,0,1,1
"EVSAT",-1,1,0,0,-1,1,0,0,1,0,-1,1,0,1,0,1,1,-1,-1,-1,-1,0,1,0,-1,1,1,1,-1,-1,0,1,1,-1,1,-1,1,-1,0,0,-1,-1,0,1,1,1,0,1,-1,1,-1,-1,1,-1,0,0,0,-1,-1,-1,-1,1,1,0,1,1,1,0
"ASH3",0,1,0,-1,-1,1,0,1,-1,0,-1,1,1,1,-1,-1,-1,-1,-1,1,-1,-1,-1,0,-1,-1,1,-1,1,1,0,-1,1,0,-1,1,0,-1,1,1,-1,-1,-1,1,-1,0,0,-1,1,1,-1,-1,1,-1,1,1,0,-1,1,-1,1,1,0,0,1,1,1,1
"EW16",0,1,0,0,0,0,0,0,0,0,-1,-1,0,0,0,0,0,0,0,0,0,0,0,0,0,0,-1,1,0,-1,0,0,0,0,0,-1,-1,1,0,-1,0,0,0,-1,0,-1,-1,0,0,1,0,0,0,0,0,0,-1,-1,0,0,0,0,0,0,0,-1,0,0
"HCC1937",1,1,-1,-1,-1,1,-1,1,-1,1,0,0,1,1,0,-1,0,-1,1,1,-1,-1,-1,-1,1,1,0,-1,1,-1,1,-1,0,-1,-1,-1,-1,0,0,1,0,0,1,-1,-1,-1,-1,0,0,1,-1,1,-1,0,1,1,-1,1,1,-1,-1,1,1,-1,1,1,1,0
"HEL",1,-1,0,0,0,-1,0,0,-1,1,-1,0,0,0,1,0,-1,0,0,1,-1,-1,0,0,-1,-1,0,1,-1,-1,0,0,-1,1,0,-1,0,1,1,0,0,0,0,-1,0,0,-1,-1,-1,1,0,0,0,0,0,0,-1,-1,0,-1,0,0,0,1,-1,0,0,0
"HCC202",1,1,-1,1,1,1,-1,1,1,-1,1,0,-1,1,-1,1,1,-1,1,0,1,1,0,-1,1,1,0,0,0,-1,0,-1,1,1,0,-1,1,1,0,-1,0,0,-1,-1,0,1,-1,1,-1,1,1,1,0,0,1,1,-1,1,-1,1,-1,1,-1,-1,-1,0,1,-1
"AMO1",-1,-1,1,-1,1,1,1,1,1,0,1,0,1,-1,1,1,1,0,1,1,1,1,1,1,-1,1,0,0,-1,-1,1,0,-1,1,1,-1,-1,-1,-1,1,-1,-1,1,-1,1,1,0,1,0,-1,1,1,-1,-1,-1,0,0,1,0,1,0,1,-1,1,1,1,-1,-1
"A2780",0,1,0,1,0,0,0,0,0,0,0,0,0,0,0,0,-1,0,1,0,0,0,0,0,0,0,0,0,0,0,0,0,0,0,0,0,1,-1,0,0,0,0,0,0,0,1,0,-1,0,0,0,1,0,0,-1,0,0,0,0,0,0,0,-1,0,0,0,0,0
"DEL",0,1,0,1,1,1,0,0,1,0,1,-1,0,1,0,0,1,1,1,1,1,0,0,0,1,1,-1,0,-1,0,1,1,1,0,0,-1,1,0,0,0,0,0,0,0,0,1,0,1,0,0,1,1,0,0,0,0,0,1,0,1,0,1,0,1,1,1,1,0
"HSC3",0,1,-1,0,0,0,-1,0,-1,-1,0,1,0,-1,-1,0,-1,0,0,0,1,-1,0,-1,1,-1,1,-1,0,-1,0,0,1,0,0,1,0,1,1,0,-1,-1,1,1,1,0,-1,-1,-1,1,0,-1,-1,-1,1,0,-1,-1,-1,-1,-1,1,-1,-1,0,1,-1,1
"HUO9",1,1,1,-1,1,0,1,1,0,1,1,-1,1,0,1,1,0,1,0,-1,1,0,1,-1,1,0,-1,-1,-1,0,-1,1,1,0,1,-1,0,1,1,1,1,1,1,1,1,-1,1,0,0,1,1,1,1,1,1,-1,1,1,0,0,0,1,-1,0,0,1,0,1
"HCC2998",0,1,0,0,0,0,0,0,1,0,1,1,0,0,0,0,1,1,0,0,1,0,0,0,1,1,1,0,0,0,0,1,0,0,0,0,0,-1,0,0,0,0,-1,0,0,0,0,1,0,0,0,0,1,0,0,0,0,1,0,1,0,0,0,0,0,0,0,1
"EFO21",1,1,0,1,-1,1,0,1,0,1,-1,1,-1,0,1,1,1,-1,1,1,0,1,1,-1,1,1,1,0,-1,-1,1,-1,0,-1,1,-1,-1,-1,0,-1,0,0,-1,-1,0,-1,1,1,-1,1,-1,1,1,0,1,1,1,-1,-1,1,-1,-1,0,-1,1,1,0,1
"BB30HNC",1,1,0,0,-1,1,0,1,-1,-1,0,0,0,0,0,0,-1,0,0,1,1,-1,0,0,1,-1,0,-1,0,-1,-1,0,0,-1,0,0,0,1,0,0,0,0,0,0,0,-1,-1,-1,-1,1,-1,0,0,0,1,1,-1,1,-1,-1,-1,0,0,-1,1,0,0,1
"CL11",0,1,0,-1,0,0,0,0,1,0,1,1,0,-1,-1,0,1,0,0,0,1,0,0,0,1,1,1,0,0,0,0,0,0,0,0,0,0,-1,0,-1,0,0,0,1,0,-1,0,1,0,0,0,0,0,-1,-1,0,0,1,0,1,0,1,-1,0,0,0,-1,0
"EKVX",0,1,-1,1,-1,1,-1,-1,0,-1,1,1,0,-1,0,-1,1,-1,0,0,1,-1,-1,-1,1,0,1,-1,1,-1,0,-1,1,1,-1,-1,1,-1,0,0,0,0,1,1,-1,1,-1,1,-1,0,-1,1,1,0,-1,-1,-1,1,-1,0,-1,1,1,-1,-1,1,-1,1
"HUPT3",1,1,-1,0,0,0,-1,0,0,1,0,0,0,-1,-1,0,0,0,0,0,0,0,-1,-1,0,0,0,-1,-1,-1,0,0,1,-1,0,0,0,-1,0,0,0,0,-1,-1,-1,0,0,1,0,1,0,0,0,0,0,0,0,0,0,0,0,0,-1,0,0,0,-1,-1
"HEC1",-1,1,-1,0,0,1,-1,1,1,-1,1,0,-1,0,-1,0,1,0,0,1,0,0,0,-1,1,0,0,1,0,-1,0,0,-1,-1,0,0,0,-1,0,-1,-1,-1,0,-1,0,0,-1,1,-1,-1,-1,0,0,-1,1,1,-1,1,0,0,0,0,1,-1,1,0,0,0
"HGC27",-1,1,-1,1,0,0,-1,0,0,1,1,0,0,-1,1,-1,1,0,1,0,0,0,1,-1,1,1,0,0,-1,0,1,0,0,1,-1,0,1,1,0,-1,0,0,0,-1,-1,1,1,1,-1,1,0,1,0,0,-1,-1,1,1,-1,1,-1,1,-1,0,0,1,-1,1
"A427",0,1,0,-1,1,1,0,1,0,0,1,1,1,0,0,1,0,-1,1,1,1,1,1,0,1,0,1,0,0,-1,1,-1,0,0,1,0,0,-1,0,1,0,0,1,-1,1,0,0,0,-1,-1,1,1,1,0,1,1,0,1,0,0,0,1,0,0,1,1,0,1
"CCK81",0,1,1,-1,0,0,1,-1,0,0,1,-1,0,1,0,1,0,0,0,1,1,1,1,1,1,1,-1,1,1,-1,-1,1,0,0,1,-1,1,-1,0,0,-1,-1,0,1,1,1,1,1,0,1,1,1,-1,-1,-1,1,1,1,1,1,1,0,-1,0,0,1,1,-1
"ES5",1,-1,-1,1,0,0,-1,0,0,0,-1,-1,0,0,-1,0,0,-1,1,0,0,0,0,-1,-1,0,-1,1,-1,-1,-1,-1,-1,-1,0,-1,1,-1,1,0,-1,-1,0,-1,0,1,0,0,0,1,0,1,-1,-1,0,0,0,-1,0,0,0,-1,0,0,0,-1,0,-1
"EOL1CELL",1,1,1,0,0,0,1,0,1,1,0,0,0,1,1,0,0,0,0,0,0,0,0,1,0,1,0,1,0,1,0,0,0,0,0,0,0,1,0,0,1,1,0,0,0,0,1,0,0,1,0,0,1,-1,0,0,1,0,0,1,0,0,1,0,0,0,1,1
"HCC44",-1,1,1,0,1,1,1,1,1,0,1,-1,0,0,1,1,1,1,0,1,1,1,1,1,1,1,-1,-1,0,-1,0,1,1,-1,1,-1,1,-1,0,0,0,0,0,-1,1,1,0,1,0,-1,0,0,-1,0,1,1,0,1,0,1,0,1,1,1,-1,1,0,-1
"HCC78",1,1,1,1,0,0,1,0,0,1,0,1,0,-1,1,0,0,-1,1,0,0,1,0,1,0,0,1,-1,0,0,1,-1,0,0,0,-1,1,0,0,0,0,0,-1,-1,0,1,1,0,1,1,0,1,1,0,0,0,1,0,-1,0,-1,0,0,0,0,0,-1,1
"HCC15",0,1,0,0,0,-1,0,-1,0,-1,0,0,0,0,0,0,0,-1,0,0,0,-1,0,0,0,0,0,-1,0,-1,0,-1,0,0,0,0,0,-1,0,0,-1,-1,0,-1,0,0,-1,0,-1,0,0,0,0,-1,-1,-1,-1,0,-1,0,-1,0,0,0,-1,0,0,0
"D542MG",1,-1,-1,1,0,1,-1,1,0,0,1,0,-1,1,1,-1,1,-1,1,1,1,0,-1,-1,1,0,0,1,-1,-1,0,-1,-1,-1,-1,-1,1,-1,1,-1,0,0,-1,-1,-1,1,0,1,1,1,0,1,0,0,1,1,0,1,0,1,0,1,-1,1,1,1,1,0
"HUCCT1",1,1,0,1,0,1,0,1,0,0,1,1,1,0,0,0,1,-1,1,1,1,1,0,0,1,0,1,1,1,-1,1,-1,0,-1,0,0,1,1,0,1,0,0,1,-1,0,1,0,0,-1,1,0,1,1,0,1,1,0,1,1,0,0,1,-1,0,1,1,0,1
"HCC1187",1,1,1,1,0,0,1,0,1,1,1,1,1,1,1,0,1,1,1,0,1,0,0,1,1,1,1,1,0,1,0,1,0,1,0,0,1,1,1,1,0,0,1,0,0,1,1,1,0,-1,0,1,1,0,0,0,1,1,0,0,0,1,0,1,0,1,0,1
"HS746T",1,1,-1,-1,1,1,-1,0,0,0,1,1,-1,1,-1,-1,1,-1,-1,1,1,-1,-1,0,1,0,1,-1,-1,1,1,-1,1,-1,-1,-1,-1,1,1,1,-1,-1,1,-1,-1,-1,1,1,-1,1,-1,-1,1,-1,0,0,1,1,-1,0,-1,-1,1,-1,1,-1,0,1
"HCC1954",-1,1,1,1,0,1,1,1,1,-1,1,1,1,1,1,1,1,-1,1,1,1,1,-1,1,1,1,1,-1,-1,-1,1,-1,1,-1,-1,-1,1,1,0,1,1,1,-1,1,-1,1,-1,1,-1,1,0,1,1,1,1,-1,-1,1,0,1,-1,1,1,1,-1,1,1,1
"EPLC272H",1,1,-1,1,-1,1,-1,0,-1,1,1,1,1,1,-1,-1,1,-1,0,1,0,0,-1,-1,1,-1,1,1,0,-1,1,-1,1,-1,-1,0,1,0,1,1,-1,-1,1,1,-1,1,1,-1,-1,1,-1,0,1,-1,0,1,1,1,-1,-1,-1,1,-1,0,1,1,1,-1
"A253",1,1,0,-1,0,1,0,1,-1,-1,1,1,-1,-1,0,0,1,0,-1,1,1,0,0,0,1,-1,1,-1,0,-1,1,0,0,-1,0,-1,-1,-1,0,-1,-1,-1,-1,1,1,-1,-1,1,-1,1,0,-1,-1,-1,1,-1,-1,1,-1,-1,-1,1,1,-1,1,1,-1,-1
"COLO684",1,1,1,1,0,1,1,0,1,1,1,0,0,0,1,0,1,0,1,1,1,0,0,1,1,1,0,1,0,0,0,0,1,0,0,0,1,-1,0,0,0,0,0,0,0,1,1,1,0,1,0,1,0,0,-1,0,1,1,0,1,0,0,0,0,1,0,0,0
"EW7",1,-1,0,1,1,1,0,1,0,0,0,0,1,0,0,1,0,0,1,1,0,0,1,0,1,0,0,1,1,1,0,0,0,1,1,0,1,0,0,1,0,0,1,0,1,1,0,0,0,1,1,1,0,0,0,0,0,0,0,0,0,1,0,1,1,-1,0,0
"HCT15",0,1,0,0,0,0,0,0,0,0,0,0,0,0,0,0,0,0,0,0,0,0,0,0,0,0,0,0,0,0,0,0,0,0,0,0,0,0,0,0,0,0,-1,0,0,0,0,0,0,0,0,0,0,0,0,0,0,0,0,0,0,0,0,0,0,0,0,0
"HT144",0,1,0,1,0,1,0,1,1,0,0,-1,0,0,0,0,1,0,0,1,1,0,0,0,0,1,-1,-1,-1,-1,0,0,0,-1,0,-1,1,-1,-1,0,-1,-1,0,0,0,0,0,1,1,0,0,0,-1,-1,1,1,0,0,1,1,0,1,-1,-1,0,1,0,-1
"ECGI10",-1,1,-1,1,1,1,-1,1,-1,-1,1,1,1,-1,-1,1,1,1,1,1,1,1,1,-1,1,-1,1,-1,-1,1,1,1,1,-1,1,-1,1,1,-1,1,-1,-1,1,1,-1,1,-1,-1,-1,1,1,1,1,-1,1,1,-1,1,-1,-1,-1,1,1,-1,-1,1,-1,-1
"ABC1",1,-1,1,1,1,1,1,1,0,0,1,0,0,1,0,1,0,1,1,0,1,-1,1,1,1,0,0,0,0,1,-1,1,1,0,1,-1,1,-1,0,1,0,0,0,1,1,1,0,0,0,1,1,1,1,0,1,1,0,1,0,0,0,1,0,0,0,1,1,1
"CAL27",0,1,-1,0,0,1,-1,1,0,-1,1,1,0,-1,0,-1,0,0,0,-1,1,-1,-1,-1,1,0,1,-1,0,-1,0,0,0,-1,-1,-1,-1,0,0,0,-1,-1,0,-1,0,-1,-1,0,-1,0,0,-1,1,-1,1,1,-1,1,-1,0,-1,1,0,-1,1,0,-1,1
"HCC70",1,1,1,1,0,0,1,1,1,1,1,0,0,0,1,-1,1,-1,1,0,1,-1,-1,1,1,1,0,-1,-1,-1,-1,-1,1,1,-1,-1,1,1,1,0,-1,-1,0,1,-1,1,1,1,-1,1,0,1,0,-1,1,1,1,1,-1,1,-1,1,-1,-1,0,1,0,0
"HARA",1,1,-1,1,0,0,-1,1,1,-1,-1,1,-1,-1,-1,0,1,-1,-1,0,-1,0,0,-1,0,1,1,1,0,-1,1,-1,1,0,0,-1,1,-1,-1,-1,-1,-1,1,0,0,1,-1,1,-1,1,0,-1,-1,-1,1,1,-1,-1,-1,1,-1,1,-1,-1,0,1,-1,-1
"HT115",0,1,0,0,0,0,0,1,1,0,1,0,1,0,0,1,1,0,0,0,1,1,1,0,1,1,0,0,0,0,0,0,0,0,1,0,0,-1,0,1,0,0,1,0,1,0,0,1,1,0,0,0,0,0,1,1,0,1,1,1,1,1,0,0,0,1,0,0
"BICR22",1,1,0,0,-1,1,0,1,0,0,0,1,0,0,0,0,0,0,0,1,0,0,0,0,0,0,1,-1,-1,-1,-1,0,0,-1,0,0,0,0,0,0,0,-1,0,-1,0,0,0,0,-1,1,-1,0,-1,-1,1,0,0,0,-1,0,-1,0,0,-1,1,0,0,-1
"ESO26",1,1,-1,-1,0,0,-1,-1,0,-1,0,0,0,0,-1,-1,0,1,0,0,0,1,-1,-1,-1,0,0,-1,-1,0,0,1,0,-1,-1,-1,0,-1,0,0,0,0,0,-1,-1,0,-1,-1,-1,1,0,0,0,0,1,0,-1,0,-1,0,-1,0,0,-1,0,0,0,0
"HCC1806",1,0,-1,1,1,1,-1,1,0,1,1,1,0,0,1,0,0,1,0,1,0,0,1,0,1,-1,1,0,1,-1,0,1,0,1,0,1,1,-1,0,1,0,0,1,0,0,1,0,0,-1,1,-1,0,1,0,1,1,0,1,0,-1,-1,1,0,0,1,1,0,1
"HCC1428",1,1,-1,1,0,1,0,1,1,-1,0,1,0,-1,1,0,1,-1,1,-1,1,-1,0,0,1,0,1,0,1,-1,-1,-1,1,1,0,-1,1,-1,-1,1,-1,-1,1,-1,1,1,1,1,-1,1,1,0,1,-1,1,-1,1,1,-1,1,-1,1,-1,1,-1,-1,-1,0
"HUH7",1,1,1,1,-1,1,1,0,1,1,0,1,1,-1,1,1,0,-1,-1,1,1,-1,1,1,1,1,1,1,-1,1,1,-1,0,0,1,-1,-1,-1,0,1,0,1,1,1,1,-1,1,1,-1,1,-1,1,-1,1,0,1,1,0,1,1,1,1,1,-1,1,-1,-1,0
"HT3",0,1,1,0,-1,1,1,0,-1,-1,0,1,1,1,1,-1,0,0,1,1,1,1,-1,1,1,-1,1,-1,-1,-1,1,0,1,-1,-1,0,1,1,-1,1,-1,-1,1,1,1,1,1,-1,-1,1,-1,1,1,-1,0,0,-1,0,-1,-1,-1,1,-1,-1,1,1,1,1
"NCIH1869",1,1,0,1,-1,-1,0,1,1,0,1,1,1,1,0,0,1,-1,1,-1,1,1,0,0,1,1,1,1,1,-1,1,-1,1,1,0,-1,1,-1,1,1,-1,-1,1,1,1,1,0,1,1,1,-1,1,1,-1,1,1,0,1,1,1,0,1,-1,-1,-1,1,1,1
"NCIH2170",0,1,1,1,0,1,1,-1,1,-1,1,0,1,-1,1,-1,1,1,1,1,1,1,-1,1,1,1,0,0,-1,0,-1,1,1,1,-1,-1,1,-1,-1,1,0,0,1,0,1,1,-1,1,-1,1,0,1,0,0,-1,-1,-1,1,-1,1,-1,1,-1,-1,1,1,-1,0
"NUGC3",1,1,0,1,0,1,0,0,0,0,1,1,0,1,0,0,1,1,1,1,1,0,0,0,1,0,1,0,0,-1,0,1,0,0,0,1,1,0,0,0,0,0,-1,0,0,1,0,0,0,1,1,1,1,0,0,0,0,1,0,0,0,1,1,0,1,1,1,1
"NB7",1,-1,-1,1,0,1,-1,0,0,-1,1,1,0,1,-1,0,0,0,0,0,0,0,0,-1,1,0,1,1,0,0,-1,0,1,0,0,-1,1,-1,-1,0,0,0,0,1,0,1,-1,1,-1,1,1,0,1,0,-1,0,-1,1,-1,0,-1,-1,1,1,0,0,1,1
"NMCG1",0,1,0,0,0,1,0,0,1,0,1,0,0,0,0,0,1,0,0,1,1,0,0,0,1,1,0,0,0,0,1,0,0,-1,0,0,0,0,0,0,0,0,0,0,0,0,0,1,0,0,0,0,0,0,0,0,0,1,0,1,0,1,0,1,1,1,0,0
"NCIH1666",0,1,-1,1,1,1,-1,0,0,-1,0,0,-1,-1,1,-1,1,-1,1,1,1,1,-1,-1,1,0,0,-1,1,-1,1,1,0,0,-1,0,1,0,0,-1,0,0,-1,-1,0,1,-1,1,-1,1,1,1,-1,0,0,0,-1,1,-1,0,-1,1,0,-1,1,-1,-1,-1
"NCIH322M",1,1,-1,1,1,1,-1,1,-1,-1,1,1,1,-1,-1,1,1,-1,1,1,1,-1,1,-1,1,-1,1,-1,1,1,0,-1,1,-1,1,-1,1,-1,-1,1,0,0,1,0,1,1,-1,-1,0,1,1,1,1,0,1,-1,-1,0,-1,-1,-1,1,-1,-1,1,1,-1,1
"OVK18",0,1,0,1,0,0,0,0,0,0,0,0,0,0,0,0,0,0,1,0,0,0,0,0,-1,0,0,0,1,1,0,0,0,1,0,0,1,-1,0,0,0,1,0,1,0,1,1,-1,0,0,0,1,0,0,0,0,1,-1,1,0,0,0,0,0,0,1,0,0
"OCILY19",1,-1,1,0,0,0,0,0,0,1,1,1,1,1,0,1,0,0,0,1,0,1,1,0,1,1,1,1,0,1,1,0,0,0,1,1,1,-1,0,1,0,0,0,1,0,1,1,0,0,1,0,1,1,0,0,0,1,1,1,1,1,0,-1,1,1,1,1,0
"SCH",0,1,1,-1,1,1,1,-1,-1,0,-1,0,1,1,1,0,1,0,0,0,0,0,1,0,-1,-1,0,-1,-1,1,0,0,1,0,0,-1,0,-1,1,0,-1,-1,0,0,1,0,0,1,-1,1,-1,0,1,-1,1,1,0,-1,1,-1,-1,-1,-1,0,0,1,1,0
"NCIH2023",1,1,1,0,0,0,1,0,0,-1,1,-1,0,-1,1,0,0,-1,0,0,1,0,0,1,1,0,-1,-1,0,-1,-1,-1,-1,-1,0,-1,0,-1,1,0,0,0,0,-1,1,0,-1,0,-1,1,0,0,-1,0,0,0,-1,1,-1,0,-1,1,-1,0,0,1,-1,-1
"NCIH211",1,-1,1,1,1,0,1,1,1,-1,0,1,-1,-1,-1,0,1,-1,-1,-1,-1,1,0,1,1,0,1,-1,-1,-1,-1,-1,1,-1,0,-1,1,0,0,-1,1,1,1,-1,1,1,-1,1,-1,1,-1,-1,1,1,1,0,-1,1,-1,0,-1,1,1,0,-1,1,-1,1
"NCIH650",-1,1,0,-1,1,1,0,-1,0,-1,0,1,1,1,1,1,1,-1,-1,1,1,0,1,0,1,-1,1,-1,-1,-1,1,-1,1,0,1,-1,-1,-1,-1,1,0,0,1,1,1,-1,-1,0,0,1,1,-1,1,-1,-1,1,-1,0,0,-1,0,1,0,-1,1,1,1,1
"NCIH841",-1,1,-1,0,0,-1,-1,-1,1,-1,1,0,-1,0,0,-1,1,-1,1,-1,1,-1,-1,-1,1,1,0,-1,0,-1,0,-1,-1,0,-1,-1,1,1,0,-1,-1,-1,0,-1,-1,1,-1,1,-1,-1,0,1,0,-1,-1,-1,-1,1,-1,1,-1,1,1,-1,-1,0,0,0
"NALM6",1,1,1,0,1,1,1,0,-1,1,0,1,0,0,-1,1,-1,0,0,1,0,0,1,1,-1,0,1,0,0,1,0,0,0,1,1,0,1,-1,0,0,0,0,0,1,0,1,1,-1,0,0,0,0,1,0,-1,0,1,-1,1,0,1,0,-1,1,1,0,0,-1
"NO11",-1,1,0,0,-1,1,0,1,1,-1,1,-1,1,1,1,-1,1,0,0,1,1,-1,-1,0,1,1,-1,0,-1,-1,-1,0,1,0,-1,-1,-1,0,0,1,0,0,1,-1,-1,-1,-1,1,1,-1,0,0,0,0,1,1,-1,1,1,1,1,1,1,1,1,1,1,0
"OACM51",1,1,0,0,0,0,0,0,-1,0,-1,0,0,0,0,-1,1,0,0,0,-1,0,-1,0,-1,-1,0,0,0,0,0,0,0,0,-1,-1,0,-1,0,0,0,0,0,-1,1,0,0,0,0,1,0,0,0,0,0,0,0,-1,0,-1,0,1,0,1,0,1,0,0
"SNU423",-1,1,-1,1,-1,1,-1,0,0,1,1,1,-1,1,-1,0,1,-1,-1,1,1,1,0,-1,1,0,1,-1,1,0,0,-1,1,-1,0,1,0,-1,-1,-1,0,0,-1,0,1,0,1,1,0,-1,-1,-1,0,0,0,0,1,1,-1,0,0,1,1,-1,1,1,1,1
"NCIH1703",1,1,0,1,1,0,0,1,0,0,1,0,1,1,0,0,1,0,0,1,1,0,0,0,0,0,0,1,0,0,1,0,0,1,0,-1,1,-1,0,1,-1,-1,1,1,0,1,0,0,-1,1,1,0,0,1,1,1,0,1,0,0,0,1,1,0,0,1,1,0
"NCIH209",1,1,0,1,0,-1,0,0,1,0,1,0,0,1,0,0,-1,0,1,0,0,0,0,0,1,1,0,0,0,0,0,0,0,-1,0,1,1,0,0,0,-1,-1,0,-1,0,1,0,1,-1,1,0,0,0,-1,-1,0,0,1,-1,1,-1,1,-1,0,-1,1,1,0
"NCIH2291",1,1,0,0,0,0,0,1,1,0,1,-1,1,-1,0,0,1,-1,0,0,1,0,0,0,1,1,-1,-1,0,-1,1,-1,1,-1,0,-1,0,-1,0,1,0,-1,1,1,0,-1,0,1,1,1,0,0,-1,-1,1,1,0,1,1,1,1,1,-1,-1,0,1,-1,0
"NCIH3122",1,1,-1,-1,1,1,-1,1,-1,-1,1,1,0,-1,-1,1,-1,0,-1,0,1,-1,1,-1,1,-1,1,-1,-1,-1,0,0,1,-1,1,0,-1,-1,-1,0,-1,-1,0,1,1,-1,-1,-1,-1,1,1,-1,0,-1,-1,0,-1,1,-1,-1,-1,1,1,0,0,1,-1,-1
"NCIH747",0,-1,0,1,0,1,0,1,1,0,1,1,0,0,0,0,1,0,1,1,1,1,0,0,1,1,1,0,0,-1,1,0,-1,0,0,1,1,1,-1,0,-1,-1,0,-1,0,1,0,-1,-1,0,-1,1,1,-1,1,1,0,1,-1,1,-1,1,0,-1,1,1,0,1
"SCC25",1,1,-1,0,-1,0,-1,1,-1,-1,0,1,0,0,0,0,-1,-1,0,0,0,-1,0,-1,0,-1,1,1,0,-1,-1,-1,1,-1,0,0,0,-1,-1,0,-1,-1,0,-1,1,0,-1,-1,-1,1,-1,0,-1,-1,1,0,-1,0,-1,-1,-1,1,0,-1,0,1,0,1
"NCIH1693",-1,1,-1,-1,0,1,-1,1,0,-1,1,1,-1,0,-1,1,1,-1,-1,1,1,1,0,-1,1,-1,1,-1,0,1,1,-1,1,-1,1,-1,0,-1,-1,-1,1,1,-1,-1,-1,0,-1,1,-1,-1,0,-1,1,1,1,-1,-1,1,-1,-1,-1,1,0,1,1,1,0,1
"NCIH520",1,1,0,1,1,-1,0,1,-1,0,-1,0,1,-1,0,-1,-1,-1,1,1,1,-1,-1,-1,1,-1,0,1,-1,1,1,-1,-1,1,-1,-1,0,1,-1,1,-1,-1,-1,-1,-1,0,-1,-1,-1,1,1,0,1,-1,1,1,0,1,-1,-1,-1,1,1,1,1,-1,-1,1
"NCIH526",1,1,1,-1,0,1,1,0,1,-1,0,1,0,0,0,0,1,1,1,1,0,0,0,0,0,1,1,-1,-1,0,-1,1,0,-1,0,1,-1,0,0,0,0,0,0,-1,0,-1,-1,1,-1,1,1,1,1,0,0,0,-1,0,-1,1,-1,1,0,1,1,0,0,1
"NB13",1,-1,1,0,1,1,1,0,1,-1,0,-1,1,1,1,0,1,0,0,1,0,-1,0,-1,0,1,-1,1,-1,1,-1,0,-1,-1,0,-1,0,-1,1,1,-1,-1,1,1,0,0,1,1,-1,0,1,0,-1,-1,0,0,1,0,-1,1,-1,-1,1,1,1,1,1,-1
"OVCAR3",-1,1,1,0,1,1,-1,1,0,-1,-1,-1,-1,-1,1,1,0,-1,0,1,0,-1,0,0,0,0,-1,-1,1,-1,1,-1,0,-1,1,-1,1,1,0,-1,0,0,1,1,0,-1,-1,0,0,-1,0,0,1,0,1,1,-1,-1,-1,0,-1,1,0,1,1,-1,-1,-1
"NCIH1694",1,1,1,1,1,0,1,1,1,1,1,0,1,0,1,0,1,0,1,0,1,1,0,1,0,1,0,0,-1,0,0,0,1,0,0,0,1,1,1,1,0,0,1,1,0,1,1,1,-1,1,1,1,0,0,1,1,1,1,-1,1,-1,1,0,1,0,1,0,-1
"NB10",-1,1,1,1,0,0,1,0,0,1,1,0,0,1,0,0,0,-1,1,0,1,0,0,-1,1,0,0,1,0,0,1,-1,-1,1,0,0,1,-1,0,0,0,-1,0,0,0,1,1,-1,-1,1,1,1,0,-1,0,0,1,1,0,0,-1,1,1,0,0,1,1,-1
"NOMO1",1,1,0,0,0,0,0,1,-1,0,0,0,0,0,0,0,1,0,0,0,0,0,0,0,0,-1,0,1,0,0,0,1,0,0,0,0,0,-1,0,0,0,0,0,-1,0,0,0,-1,0,1,0,0,0,0,1,1,0,0,0,-1,0,1,0,0,0,1,0,0
"NB17",0,-1,0,1,0,1,0,1,-1,0,1,1,1,-1,0,1,1,-1,1,1,1,0,0,0,1,-1,1,-1,0,0,0,0,-1,1,1,-1,1,-1,-1,1,0,0,1,1,1,1,0,-1,0,0,1,1,1,0,1,1,0,1,-1,-1,0,0,0,0,1,-1,0,-1
"OCUM1",1,1,0,1,0,0,0,0,1,0,0,1,0,0,0,0,1,1,1,0,1,0,0,0,0,1,1,1,0,0,0,1,1,0,0,0,1,0,0,0,0,0,0,0,1,1,0,1,0,1,0,1,1,0,0,0,0,0,0,1,-1,0,0,0,0,0,0,1
"SW1463",1,1,-1,-1,0,1,-1,1,1,-1,1,1,1,-1,-1,1,1,1,-1,1,1,-1,1,-1,1,1,1,-1,0,-1,1,1,0,-1,1,1,-1,-1,-1,1,-1,-1,1,-1,1,-1,-1,1,0,1,0,-1,1,-1,1,1,-1,1,0,1,0,1,-1,1,1,1,-1,1
"SNU398",1,1,0,0,0,0,0,-1,1,0,1,0,0,0,-1,0,1,-1,0,0,1,-1,0,-1,-1,1,0,-1,1,0,1,0,1,-1,0,-1,0,-1,0,0,-1,-1,1,-1,1,0,1,1,-1,1,1,0,0,-1,-1,-1,-1,1,0,1,-1,-1,1,-1,0,-1,0,0
"NCIH82",1,-1,0,1,1,0,0,1,1,1,1,-1,1,1,0,-1,1,1,1,1,1,1,-1,0,1,1,-1,1,-1,-1,-1,1,-1,-1,-1,-1,1,-1,1,1,-1,-1,1,-1,-1,1,1,1,-1,1,1,1,-1,-1,1,1,1,1,-1,1,-1,-1,1,1,1,-1,1,-1
"NH12",0,1,0,0,1,0,0,0,0,0,0,1,0,0,0,0,0,0,0,0,0,1,0,0,0,0,1,0,0,0,0,0,0,0,0,0,0,-1,0,0,0,0,0,0,0,0,0,-1,1,0,1,0,1,0,0,0,0,0,0,0,0,0,0,0,0,0,0,1
"NB5",0,-1,-1,1,0,0,-1,1,1,0,0,0,0,0,-1,0,1,-1,1,0,0,0,0,-1,1,1,0,0,0,0,0,-1,0,0,0,0,0,0,0,0,0,0,0,0,0,0,0,0,-1,0,1,0,1,0,1,-1,0,1,-1,1,-1,0,1,0,0,0,0,0
"SW48",0,1,0,0,0,0,0,0,1,0,1,0,0,0,0,0,1,0,0,0,1,0,0,0,1,1,0,0,0,0,0,0,1,0,0,0,0,0,0,0,0,0,0,0,0,0,0,1,0,0,0,0,0,0,0,0,0,1,0,1,0,0,0,0,0,0,0,0
"SUDHL4",0,1,0,-1,0,0,0,1,1,0,1,0,1,0,0,1,1,1,0,0,1,0,1,0,1,1,0,1,0,0,0,1,0,0,1,0,0,-1,0,1,0,0,1,0,1,0,1,1,0,0,0,0,0,0,1,1,1,1,1,1,0,0,0,0,0,0,0,0
"SF268",1,1,0,1,1,1,0,-1,1,0,1,1,1,1,0,0,1,-1,1,1,1,1,0,-1,1,1,1,-1,-1,-1,1,-1,-1,-1,0,1,1,-1,1,1,0,0,1,-1,0,1,0,1,-1,1,1,1,1,0,-1,-1,0,1,1,1,1,1,1,0,1,1,1,1
"NCIH23",1,1,-1,0,1,1,-1,1,1,-1,1,1,1,0,0,1,1,-1,0,0,1,0,1,-1,1,1,1,-1,-1,1,1,-1,0,0,1,-1,0,-1,0,1,0,0,1,-1,1,0,-1,1,-1,1,1,1,1,0,1,1,-1,1,-1,1,-1,1,-1,-1,1,1,0,-1
"NCIH522",1,1,-1,1,1,1,-1,1,-1,-1,-1,1,-1,1,0,-1,1,0,1,-1,1,1,-1,-1,1,1,1,0,1,-1,1,0,0,1,-1,1,1,-1,1,-1,0,0,0,-1,0,1,-1,-1,0,1,1,1,1,0,1,1,-1,1,-1,1,-1,0,0,1,-1,-1,1,1
"NCIH647",1,1,1,1,-1,-1,1,0,1,-1,-1,0,1,1,1,-1,1,-1,1,-1,-1,1,-1,1,-1,1,0,0,-1,-1,-1,-1,1,-1,-1,-1,1,-1,1,1,0,0,1,1,-1,1,1,0,0,1,-1,1,0,0,0,-1,1,-1,-1,1,-1,1,1,1,-1,-1,1,1
"NB69",0,1,1,1,1,0,1,1,0,1,1,0,1,0,1,1,1,0,1,0,1,1,1,1,1,0,0,0,0,0,1,0,-1,0,1,-1,1,-1,-1,1,0,0,1,-1,1,1,1,1,0,1,1,1,0,0,-1,1,1,1,0,0,0,0,0,-1,0,1,0,0
"NO10",-1,1,1,1,-1,1,1,1,-1,1,0,1,-1,1,1,-1,0,1,1,1,0,-1,-1,1,0,0,1,-1,-1,-1,1,1,-1,-1,-1,1,1,0,1,-1,-1,-1,-1,-1,-1,1,1,0,1,-1,-1,1,1,-1,1,1,1,0,1,0,1,1,-1,1,1,1,1,1
"SCC4",1,1,-1,1,0,1,-1,1,-1,-1,1,1,0,0,0,0,1,1,-1,1,1,0,0,-1,1,-1,1,0,0,-1,0,1,0,-1,0,0,1,-1,0,-1,0,0,1,1,0,1,-1,-1,-1,1,0,-1,-1,0,1,1,-1,1,-1,-1,-1,1,0,-1,1,1,0,-1
"NCIH1975",-1,1,-1,1,1,1,-1,1,1,1,1,1,-1,0,-1,1,1,-1,1,1,1,0,1,-1,1,1,1,-1,0,-1,0,-1,1,0,1,0,-1,-1,-1,-1,-1,-1,-1,0,-1,-1,1,1,0,-1,1,1,0,-1,1,1,1,1,0,1,0,1,-1,-1,1,1,-1,1
"SW982",0,1,0,0,0,1,0,0,0,0,0,0,0,0,0,0,0,0,0,1,0,0,0,0,0,0,0,0,0,0,1,0,0,0,0,0,0,-1,0,0,0,0,0,-1,0,1,0,0,0,0,0,0,0,0,0,0,0,0,0,0,0,0,0,0,1,0,0,0
"SF126",-1,1,-1,0,-1,1,-1,1,0,-1,1,-1,0,-1,0,-1,0,-1,-1,-1,1,-1,-1,-1,1,0,-1,-1,0,-1,-1,-1,1,-1,-1,-1,0,-1,0,0,0,0,0,-1,1,0,-1,0,-1,0,0,-1,0,0,1,0,-1,1,-1,-1,-1,1,0,0,-1,1,-1,0
"CCFSTTG1",0,1,0,0,0,0,0,0,1,0,1,-1,0,1,0,0,1,0,0,0,1,0,0,0,1,1,-1,0,-1,0,0,0,-1,-1,0,-1,0,0,0,0,0,0,0,0,1,0,0,1,-1,0,0,0,-1,0,0,0,0,1,-1,1,-1,0,0,0,0,0,0,-1
"SKMEL2",0,1,-1,1,0,1,-1,1,1,-1,1,1,0,0,-1,-1,1,-1,0,1,1,1,-1,-1,1,1,1,0,-1,-1,1,-1,0,0,-1,-1,0,0,0,0,0,0,0,-1,0,0,-1,1,1,0,0,0,-1,0,1,1,-1,1,1,1,1,-1,0,0,1,-1,0,-1
"HS578T",1,1,0,0,1,1,0,1,1,0,1,1,-1,1,1,-1,1,-1,0,1,1,-1,-1,0,1,1,1,1,-1,-1,-1,-1,-1,-1,-1,-1,0,-1,1,-1,-1,-1,-1,1,-1,0,0,1,1,1,1,0,1,-1,1,1,0,1,1,1,1,1,-1,1,1,1,1,1
"OVCA420",1,1,1,1,1,1,1,1,1,-1,-1,1,0,-1,1,0,1,1,1,1,-1,1,0,1,-1,1,1,-1,-1,-1,-1,1,-1,-1,0,-1,1,1,1,0,-1,-1,0,1,0,1,-1,-1,1,1,1,1,1,-1,1,1,-1,-1,1,1,1,1,-1,-1,1,1,-1,1
"UWB1289",1,1,0,1,1,1,0,1,1,1,-1,1,-1,-1,1,0,1,1,1,1,1,-1,0,0,-1,1,1,0,-1,1,1,1,0,0,0,-1,-1,-1,0,-1,-1,-1,-1,-1,-1,-1,1,1,0,1,1,1,1,-1,1,1,1,-1,-1,1,0,0,0,-1,1,0,0,1
"FARAGE",1,0,0,0,0,1,0,1,0,0,1,1,0,1,0,1,0,0,0,1,0,0,1,0,0,0,1,0,0,0,1,0,0,0,1,0,1,0,0,0,0,0,0,1,0,1,1,0,0,0,0,1,1,0,0,0,1,1,0,0,1,0,0,0,1,1,1,0
"KARPAS299",1,1,-1,0,0,0,-1,0,0,-1,0,0,0,0,0,0,0,0,0,0,0,-1,0,1,0,0,0,0,-1,0,0,0,0,-1,0,0,0,0,0,0,0,0,0,-1,0,0,-1,0,0,1,0,1,-1,0,0,0,-1,0,0,0,-1,0,-1,0,0,0,0,-1
"NCIH2172",1,1,1,1,0,1,1,0,0,-1,1,1,-1,1,1,0,0,-1,1,1,1,-1,0,1,1,0,1,-1,-1,-1,0,-1,1,0,0,-1,1,-1,0,-1,0,-1,-1,-1,1,1,1,1,1,1,0,1,1,-1,-1,1,1,1,0,0,-1,1,-1,-1,1,1,1,1
"LK2",1,-1,-1,1,0,-1,-1,1,0,-1,1,0,0,-1,-1,0,1,0,1,-1,0,1,0,-1,1,0,0,1,-1,1,0,0,-1,-1,0,-1,1,0,-1,1,-1,-1,0,-1,0,1,-1,0,-1,1,0,1,0,-1,1,0,-1,0,-1,0,-1,1,1,0,-1,1,-1,1
"SW756",1,1,1,1,0,1,1,-1,1,-1,1,-1,1,1,-1,1,1,-1,1,1,1,0,1,1,1,1,-1,-1,-1,-1,1,-1,-1,-1,1,-1,1,1,0,1,-1,1,1,-1,1,1,-1,1,1,1,1,1,-1,-1,-1,0,-1,1,0,1,0,1,1,0,1,1,1,-1
"ROS50",-1,0,0,0,-1,1,0,-1,1,1,1,-1,0,1,0,1,1,0,1,1,1,-1,1,0,0,1,-1,1,-1,1,1,0,-1,-1,1,-1,1,0,0,0,0,0,0,0,0,1,1,1,-1,1,-1,1,-1,0,-1,-1,1,1,-1,1,-1,0,0,0,1,0,1,-1
"KYAE1",1,1,-1,0,0,1,-1,-1,1,-1,0,1,0,1,1,0,1,-1,0,1,1,1,1,-1,0,1,1,0,0,-1,1,-1,1,0,0,-1,0,1,-1,0,-1,-1,1,-1,-1,0,-1,1,0,1,0,0,1,-1,1,1,-1,0,0,1,0,1,1,0,1,1,1,1
"LP1",-1,0,-1,-1,0,1,-1,1,1,-1,-1,0,-1,0,-1,0,1,-1,1,0,-1,-1,0,-1,-1,1,0,0,-1,0,-1,-1,-1,1,0,0,-1,-1,1,-1,0,0,-1,0,1,1,-1,1,-1,1,0,1,0,0,1,1,-1,-1,-1,1,-1,0,-1,0,0,0,0,0
"NCIH2110",1,1,1,0,0,0,1,0,0,-1,1,1,0,-1,-1,0,0,-1,1,-1,0,1,0,-1,1,0,1,0,0,-1,1,-1,1,1,0,-1,0,-1,0,1,-1,-1,0,-1,0,0,-1,0,-1,1,0,1,1,-1,0,0,0,1,-1,0,-1,1,-1,-1,-1,1,-1,0
"TYKNU",1,1,-1,1,1,1,-1,1,1,-1,1,1,-1,-1,-1,-1,1,-1,1,1,1,-1,-1,-1,1,1,1,1,-1,-1,1,-1,-1,0,-1,1,1,-1,1,-1,-1,-1,-1,-1,-1,1,-1,1,-1,1,1,1,1,-1,1,1,-1,1,-1,1,-1,1,-1,-1,1,1,-1,1
"EJM",0,-1,1,0,1,1,1,0,1,1,-1,1,-1,0,-1,1,1,-1,0,1,0,-1,1,1,-1,1,1,-1,-1,0,1,-1,-1,0,0,-1,1,1,0,-1,1,1,-1,0,-1,-1,1,1,-1,0,1,1,1,1,-1,1,1,-1,1,1,1,1,-1,0,1,1,-1,1
"CAOV4",-1,-1,1,1,1,1,1,1,1,-1,1,-1,1,0,1,1,1,-1,-1,1,1,1,1,1,1,1,-1,-1,-1,1,1,-1,-1,1,1,-1,-1,-1,1,1,-1,-1,1,-1,1,-1,-1,1,0,1,1,1,-1,-1,1,1,-1,1,-1,1,-1,1,-1,1,1,1,0,0
"HUH1",0,-1,0,1,0,1,0,1,1,-1,1,0,0,0,0,1,1,-1,1,1,1,0,1,0,1,0,0,-1,1,-1,0,-1,1,1,1,0,1,-1,0,0,-1,-1,0,0,1,0,-1,1,0,1,0,1,0,-1,0,0,-1,1,0,0,0,0,0,-1,1,1,0,0
"HCC1143",1,1,0,1,0,1,0,1,1,1,-1,1,-1,1,0,1,-1,1,-1,1,1,1,0,0,0,-1,1,0,-1,-1,1,1,1,1,1,-1,1,-1,0,-1,1,-1,0,1,1,1,1,-1,-1,1,0,-1,1,1,1,1,1,-1,-1,-1,-1,1,1,-1,1,1,1,-1
"BICR10",1,1,0,0,-1,0,0,0,-1,0,1,1,0,0,0,0,0,0,0,0,1,0,0,0,1,-1,1,0,0,0,1,0,0,0,0,-1,0,0,0,0,0,0,0,0,0,0,0,-1,-1,1,-1,1,0,0,0,0,0,1,1,-1,0,0,0,0,0,0,0,0
"CORL279",1,1,1,1,0,1,1,1,1,1,1,0,1,0,1,1,1,-1,1,1,1,1,1,1,1,1,0,1,-1,1,-1,-1,1,-1,1,-1,1,-1,1,1,-1,1,1,1,1,1,1,1,-1,-1,0,1,0,1,1,1,1,1,-1,1,-1,1,0,0,1,1,0,0
"MDAMB468",-1,1,1,1,1,0,1,-1,0,1,1,1,-1,1,1,-1,-1,-1,1,0,1,-1,-1,0,1,0,1,-1,-1,-1,1,-1,-1,0,-1,-1,1,-1,1,-1,1,1,-1,0,-1,1,1,0,-1,-1,1,1,1,-1,-1,0,1,1,-1,0,-1,1,1,1,0,1,1,1
"MDAMB415",-1,1,-1,-1,-1,0,-1,0,0,-1,1,1,-1,0,0,0,1,-1,-1,0,1,-1,0,-1,1,0,1,-1,1,-1,0,-1,0,1,0,0,1,0,0,-1,0,0,0,1,0,1,-1,0,-1,0,0,-1,-1,0,0,0,-1,1,-1,0,-1,0,0,-1,0,-1,0,-1
"NB4",-1,1,-1,0,1,1,-1,0,1,0,1,1,0,1,-1,1,1,1,0,1,1,0,1,-1,1,1,1,0,1,1,0,1,0,-1,1,0,0,1,0,0,1,1,1,0,1,0,0,1,0,0,1,0,1,1,0,0,0,1,0,1,0,1,1,0,1,1,1,1
"OV7",0,1,0,0,0,0,0,0,0,0,0,0,-1,1,0,-1,0,0,0,0,1,0,-1,0,0,0,0,-1,-1,-1,1,0,0,0,-1,0,0,-1,0,-1,-1,-1,1,0,-1,0,0,0,0,-1,0,0,0,-1,0,0,0,0,1,0,0,0,0,0,0,0,1,0
"TGW",0,1,0,1,0,1,0,-1,1,0,1,1,1,0,0,1,1,1,1,1,0,1,1,0,0,0,1,0,0,0,-1,1,0,1,1,1,1,0,1,1,0,0,1,1,1,1,0,0,-1,0,1,1,1,0,-1,-1,0,1,0,-1,-1,1,0,-1,1,1,0,0
"JHOS2",1,1,-1,-1,0,1,-1,1,0,0,-1,0,-1,0,-1,0,-1,1,0,-1,1,1,0,-1,-1,0,0,-1,0,1,1,1,0,-1,0,0,-1,-1,0,1,0,0,0,-1,0,-1,-1,0,-1,1,-1,0,1,0,1,-1,-1,-1,1,-1,-1,0,-1,0,-1,-1,0,1
"SKGT4",1,1,1,1,1,1,1,1,1,1,1,1,-1,0,1,0,1,0,1,1,1,1,1,1,1,1,1,0,-1,-1,-1,0,1,-1,0,-1,1,0,0,-1,0,0,1,1,0,1,1,1,0,1,1,1,1,0,1,1,1,1,0,1,-1,0,1,-1,1,0,0,1
"SNU61",-1,1,-1,1,-1,1,-1,1,0,-1,1,1,0,-1,-1,0,0,0,1,-1,1,0,0,-1,1,0,1,-1,0,-1,0,0,1,-1,0,-1,1,-1,-1,0,-1,-1,0,-1,0,1,-1,1,-1,1,0,1,1,-1,1,1,-1,1,-1,0,-1,0,-1,-1,-1,0,-1,1
"FTC133",1,1,1,0,-1,0,1,0,1,1,1,-1,-1,0,1,-1,1,-1,0,1,1,0,-1,1,1,1,-1,1,-1,-1,0,-1,1,-1,-1,-1,-1,0,1,-1,0,0,-1,-1,-1,-1,1,1,0,1,-1,0,-1,0,0,1,1,1,-1,1,0,0,0,0,1,-1,0,-1
"RCC10RGB",1,-1,1,0,1,1,1,0,1,0,1,1,1,0,1,1,1,0,0,1,1,-1,1,1,1,1,1,0,0,-1,0,0,-1,-1,1,-1,-1,-1,0,1,-1,-1,1,0,1,-1,0,1,-1,1,1,0,1,-1,0,0,0,1,-1,1,-1,0,-1,1,1,0,0,1
"MKN45",0,1,-1,-1,-1,1,-1,0,-1,-1,-1,1,1,-1,0,0,1,0,0,1,1,-1,0,0,1,-1,1,-1,0,-1,-1,0,0,-1,0,-1,-1,-1,0,1,-1,-1,1,-1,1,-1,-1,1,1,0,-1,-1,1,-1,0,0,-1,-1,-1,0,0,0,-1,0,1,1,-1,-1
"SF295",0,1,1,0,0,0,1,0,1,1,1,1,0,0,1,0,1,0,0,0,1,1,0,1,1,1,1,0,-1,0,1,0,-1,-1,0,0,0,0,0,0,0,0,0,0,0,0,1,1,0,0,0,0,-1,0,0,0,1,1,0,1,0,1,0,1,0,1,0,0
"ASPC1",1,1,-1,1,1,1,-1,0,1,0,1,1,-1,-1,0,1,1,0,1,1,1,-1,1,-1,1,1,1,1,1,-1,1,0,0,1,1,1,1,-1,-1,-1,0,0,-1,-1,1,1,0,1,0,1,1,1,1,0,0,0,0,1,-1,1,-1,1,0,0,1,1,-1,1
"KYSE180",0,1,0,0,1,1,0,1,-1,0,1,1,1,0,0,-1,1,-1,1,1,1,0,-1,0,1,-1,1,-1,1,-1,0,-1,1,-1,-1,-1,1,-1,1,1,-1,-1,1,-1,-1,1,0,-1,-1,1,1,1,-1,-1,1,1,0,1,-1,-1,-1,1,-1,-1,1,1,0,1
"RAJI",0,0,0,0,0,1,0,0,0,0,1,0,1,0,0,0,0,0,0,1,0,0,0,0,1,0,0,-1,0,0,0,0,0,0,0,0,0,0,0,1,0,0,1,0,0,0,0,1,0,0,0,0,0,0,0,0,0,1,0,0,0,0,0,0,1,0,0,0
"MIAPACA2",0,0,0,1,0,0,0,1,1,0,1,-1,1,0,0,-1,1,-1,1,0,1,0,-1,0,1,1,-1,0,0,-1,1,-1,0,0,-1,-1,1,-1,0,1,-1,-1,1,0,-1,-1,0,1,0,-1,0,1,-1,-1,-1,0,0,1,-1,1,-1,1,0,1,0,1,0,-1
"A3KAW",1,-1,0,1,0,0,0,1,0,0,1,0,0,0,0,0,0,0,1,0,0,-1,0,0,0,0,0,0,0,0,0,0,0,0,0,0,1,-1,1,0,0,0,0,0,0,1,0,0,0,0,0,1,0,0,1,0,0,1,0,0,0,0,0,0,0,-1,0,0
"MHHNB11",1,1,-1,1,1,1,-1,-1,1,0,1,0,-1,0,0,0,1,1,1,1,1,-1,0,-1,1,1,0,1,1,0,-1,1,-1,1,0,-1,1,-1,1,0,0,0,0,-1,0,1,-1,1,0,1,1,1,0,0,0,0,0,1,0,1,0,-1,0,0,1,-1,0,0
"SUPM2",1,1,0,1,0,0,0,0,0,1,1,0,0,1,0,0,0,0,1,0,1,0,0,0,1,0,0,0,0,0,1,0,0,0,0,0,1,-1,0,0,0,0,0,0,0,1,1,0,1,1,0,1,0,0,0,0,1,1,0,0,0,1,0,0,0,1,1,-1
"BXPC3",1,1,1,0,-1,1,1,-1,1,-1,1,1,1,-1,1,1,1,0,0,1,1,-1,1,1,1,1,1,1,1,-1,-1,0,1,-1,1,-1,0,-1,1,1,-1,-1,1,-1,1,0,-1,1,-1,1,-1,0,1,-1,-1,1,-1,1,-1,1,-1,1,-1,-1,1,1,-1,1
"PCI4B",1,1,-1,0,1,1,-1,1,-1,-1,1,1,0,1,-1,-1,0,1,0,1,1,-1,-1,-1,1,-1,1,-1,0,-1,1,1,0,-1,-1,-1,-1,-1,-1,0,-1,-1,1,1,0,-1,-1,-1,-1,1,-1,0,1,-1,1,1,-1,1,-1,-1,-1,1,0,0,1,1,1,1
"SNUC5",0,1,0,0,0,1,0,0,0,0,1,0,1,0,0,0,0,0,0,1,1,0,0,0,1,0,0,0,0,0,0,0,0,0,0,0,0,0,0,1,0,0,1,1,0,0,0,0,0,0,0,0,0,0,0,0,0,1,0,0,0,0,0,0,1,0,0,0
"SKNDZ",0,-1,-1,0,1,1,-1,0,0,-1,0,1,1,0,-1,1,0,-1,0,1,0,1,1,-1,0,0,1,0,1,0,0,-1,0,1,1,0,-1,-1,-1,1,-1,-1,1,1,1,-1,-1,0,-1,0,1,1,1,-1,0,0,-1,0,1,0,-1,0,0,-1,1,0,0,-1
"RCCFG2",0,1,0,0,0,0,0,0,1,0,1,0,0,0,0,0,1,0,0,0,1,0,0,0,1,1,0,0,0,0,1,0,0,0,0,0,0,-1,0,0,0,0,0,0,0,0,0,1,-1,0,0,0,0,0,0,0,0,1,-1,1,-1,1,0,0,0,1,0,0
"KASUMI1",1,0,0,0,0,0,0,0,0,0,0,0,0,0,0,0,0,-1,0,0,0,-1,0,0,0,0,0,0,1,0,0,-1,0,1,0,0,0,-1,0,0,1,1,0,0,0,0,0,0,0,1,0,0,0,1,0,0,0,0,0,0,0,0,0,0,0,0,0,0
"SUDHL5",0,0,0,0,0,0,0,1,0,0,0,0,1,0,0,0,0,0,-1,1,0,0,0,0,-1,0,0,0,0,0,0,0,0,0,0,0,0,0,0,1,0,0,1,0,0,0,0,0,0,1,0,0,0,-1,0,0,0,0,1,0,1,0,-1,0,0,1,0,0
"SKNAS",1,1,0,1,0,0,0,0,0,0,1,0,-1,0,-1,0,0,0,1,0,1,0,0,0,1,0,0,0,0,0,0,0,0,0,0,0,1,-1,0,0,0,0,0,0,0,1,0,0,0,1,0,1,-1,0,0,0,0,1,-1,0,-1,0,-1,0,0,0,0,-1
"CAL12T",1,1,0,0,1,1,0,1,0,0,1,1,-1,0,0,1,0,-1,0,1,1,0,0,0,1,0,1,1,0,0,0,1,1,1,0,0,0,1,0,0,0,0,0,1,1,0,0,0,0,1,1,0,1,0,1,1,0,1,0,0,0,1,0,1,1,1,0,1
"PANC0203",1,1,-1,1,1,1,-1,1,-1,0,1,1,1,-1,-1,0,0,-1,0,1,1,1,0,-1,1,-1,1,-1,-1,1,1,-1,0,-1,0,-1,1,-1,-1,1,-1,-1,1,-1,0,1,0,0,-1,1,1,0,1,-1,1,0,0,1,-1,-1,-1,-1,-1,-1,1,-1,-1,0
"LOVO",0,1,0,0,0,0,0,0,1,0,1,1,1,0,0,1,1,0,0,0,1,0,1,0,1,1,1,0,0,0,1,0,0,0,1,1,0,0,0,1,0,0,1,0,1,0,0,1,0,0,0,0,1,0,0,0,0,1,0,1,0,1,0,0,0,1,0,1
"SNU81",0,1,0,0,0,0,0,0,0,0,0,0,0,0,0,0,0,0,0,0,0,0,0,0,0,0,0,0,0,0,0,0,1,0,0,0,0,-1,0,0,0,0,0,0,0,0,0,0,0,0,0,0,0,0,0,0,0,0,0,0,0,0,0,0,0,0,0,0
"HSC39",1,1,0,0,-1,1,0,1,1,0,0,1,0,0,0,0,0,-1,0,1,0,1,0,0,0,1,1,0,1,1,-1,-1,1,0,0,-1,0,-1,0,0,0,0,0,0,0,0,0,1,-1,1,-1,0,1,0,1,1,0,0,-1,1,-1,0,0,-1,1,1,0,0
"P31FUJ",0,1,1,0,0,0,1,0,1,1,-1,0,0,0,1,0,1,1,0,0,1,0,0,1,-1,0,0,0,0,0,0,1,0,0,0,0,0,-1,0,0,0,0,0,0,0,0,1,1,0,0,0,0,0,0,0,0,1,-1,0,0,0,0,0,0,0,0,0,0
"SIMA",0,1,0,0,0,0,0,0,0,0,0,-1,0,0,0,0,0,0,0,0,0,1,0,0,0,0,-1,0,-1,0,0,0,0,0,0,-1,0,0,0,0,0,0,0,0,0,0,0,0,0,0,1,0,-1,0,0,0,0,0,0,0,0,0,0,0,0,0,0,-1
"AGS",0,1,1,1,0,1,1,0,0,0,0,0,0,0,1,0,0,1,1,1,0,0,0,1,-1,0,0,0,0,-1,0,1,1,0,0,0,1,0,0,0,0,0,0,0,0,1,0,0,0,0,0,1,0,0,-1,0,0,0,0,0,0,0,0,1,1,0,0,0
"PATU8902",1,1,-1,-1,0,1,-1,1,-1,0,0,1,1,1,-1,1,-1,0,-1,1,1,1,1,-1,0,-1,1,1,-1,0,1,0,-1,-1,1,-1,-1,-1,-1,1,-1,-1,1,0,1,-1,0,-1,-1,1,0,-1,1,-1,1,1,0,0,0,-1,-1,1,0,-1,1,1,1,1
"HO1U1",1,1,-1,0,0,1,-1,1,-1,-1,0,1,-1,0,-1,-1,1,0,1,1,1,1,-1,-1,1,-1,1,1,0,-1,-1,1,1,-1,-1,0,1,-1,0,0,-1,-1,0,0,-1,0,-1,-1,-1,1,0,-1,-1,-1,1,1,-1,1,-1,-1,-1,1,1,-1,0,1,1,-1
"SNUC1",1,1,0,1,0,1,0,0,1,0,1,0,0,0,0,0,1,1,1,1,1,0,0,0,1,1,0,1,0,-1,0,1,0,0,0,0,-1,1,0,0,-1,-1,0,0,0,-1,0,1,1,1,1,1,0,-1,1,1,0,1,0,1,0,1,0,1,1,1,0,0
"NB1",0,1,0,1,1,0,0,0,0,0,0,0,-1,0,0,0,0,0,1,0,0,0,0,0,0,0,0,0,1,0,0,0,0,0,0,-1,1,-1,-1,0,0,0,0,0,0,1,0,0,0,0,1,1,0,0,0,0,0,0,1,0,0,0,0,0,0,0,0,0
"K562",0,-1,0,1,0,0,0,0,1,0,0,0,-1,1,0,0,1,-1,1,0,0,0,0,0,0,1,0,0,-1,0,0,-1,-1,0,0,0,1,-1,0,-1,0,0,0,1,0,1,0,1,-1,0,0,0,0,0,0,0,0,0,1,1,-1,1,0,1,0,1,1,0
"NCIH292",1,1,1,1,0,1,1,0,1,-1,1,1,-1,0,1,1,1,0,0,1,1,0,0,0,1,1,1,-1,0,-1,-1,0,1,0,1,1,0,-1,0,-1,0,0,0,-1,0,0,-1,1,0,1,0,0,1,0,1,1,-1,1,0,1,0,1,0,0,1,1,0,1
"PANC0403",1,1,-1,0,0,1,-1,0,0,-1,0,0,0,-1,-1,0,0,0,1,1,0,0,0,-1,0,0,0,1,0,1,-1,0,0,0,0,0,1,-1,-1,0,1,1,0,0,0,1,-1,0,-1,1,0,1,0,1,0,0,-1,0,-1,0,-1,-1,-1,-1,1,0,-1,0
"LNCAPCLONEFGC",0,1,-1,0,-1,0,-1,0,0,-1,0,0,0,-1,0,0,1,-1,0,0,0,0,0,-1,1,0,0,0,0,-1,0,-1,1,0,0,0,0,0,0,-1,0,0,0,-1,0,0,-1,0,1,0,-1,0,0,0,1,0,-1,0,-1,0,-1,1,0,-1,0,0,-1,1
"ESS1",0,1,1,0,0,0,1,1,0,0,0,0,0,1,1,0,0,0,0,0,0,0,0,1,0,0,0,0,0,-1,0,0,0,0,0,0,0,0,0,0,-1,-1,0,0,0,0,0,0,0,0,0,0,0,-1,1,1,0,0,0,0,0,0,0,0,0,0,1,0
"TC71",-1,1,0,0,1,1,0,-1,0,0,0,-1,-1,0,0,1,0,0,1,1,0,-1,1,0,-1,0,-1,1,0,1,-1,0,1,-1,1,-1,0,-1,1,-1,-1,-1,0,0,1,0,0,0,-1,1,0,1,-1,-1,-1,-1,0,0,-1,0,-1,-1,0,1,0,-1,0,-1
"HCC1395",1,1,-1,1,-1,1,-1,-1,1,1,-1,1,0,0,1,-1,1,0,1,-1,-1,-1,-1,-1,-1,1,1,-1,1,-1,-1,0,0,-1,-1,-1,0,1,-1,0,0,0,1,-1,-1,1,1,1,-1,1,-1,-1,-1,0,1,1,1,1,1,1,0,1,1,-1,1,1,0,-1
"HSC2",-1,1,-1,0,-1,1,-1,1,-1,1,1,1,1,1,-1,-1,1,1,-1,1,1,-1,-1,-1,1,-1,1,0,0,-1,1,1,1,0,-1,1,0,1,-1,1,-1,-1,1,0,-1,0,-1,-1,-1,-1,-1,-1,1,-1,1,1,1,1,-1,-1,-1,1,1,-1,1,1,1,1
"SNGM",0,1,0,0,0,0,0,0,0,0,0,0,0,0,0,0,0,0,0,0,0,-1,0,0,0,0,0,0,0,0,0,0,0,0,0,0,0,0,0,0,0,0,0,0,0,0,0,0,0,0,0,0,0,0,-1,0,0,0,0,0,0,0,0,0,0,0,0,0
"NB6",-1,-1,1,0,1,0,-1,1,0,1,-1,0,-1,0,1,0,1,0,0,0,0,1,0,-1,0,0,0,0,0,0,0,0,0,0,0,-1,-1,0,0,0,0,0,0,-1,-1,-1,1,0,-1,0,1,-1,0,0,1,0,1,-1,-1,0,-1,0,0,0,0,-1,0,0
"DBTRG05MG",-1,-1,0,-1,-1,1,0,1,1,0,1,0,0,-1,1,1,1,0,-1,1,1,0,0,-1,1,1,0,-1,0,1,0,0,-1,-1,1,0,-1,1,-1,0,0,0,0,0,1,-1,0,1,-1,-1,-1,-1,0,0,0,0,0,1,-1,1,-1,0,-1,1,1,0,-1,-1
"KPNYN",0,1,-1,1,0,0,-1,0,0,0,0,0,0,0,0,0,0,0,0,0,0,0,0,-1,0,0,0,0,-1,0,0,0,0,0,0,0,1,-1,-1,0,0,0,0,0,0,1,0,0,0,0,1,0,0,0,0,0,0,0,0,0,0,0,0,0,0,0,0,-1
"NCIH446",1,1,1,1,0,1,1,1,0,1,1,1,1,1,1,0,-1,0,1,1,1,0,0,1,1,0,1,1,-1,-1,0,0,1,0,0,1,1,1,1,1,0,0,0,1,0,1,1,-1,-1,1,0,1,1,0,1,1,1,1,-1,0,-1,1,-1,1,1,1,1,1
"KYSE220",-1,1,1,1,1,1,-1,1,0,-1,1,1,-1,0,-1,-1,0,-1,1,1,1,0,1,-1,-1,0,1,-1,0,-1,1,-1,-1,-1,-1,-1,1,-1,1,-1,1,1,1,-1,0,1,-1,1,-1,1,0,1,-1,1,1,-1,-1,1,-1,0,-1,1,0,-1,1,1,0,-1
"MDAMB436",1,1,-1,1,0,1,-1,-1,1,1,1,-1,1,-1,-1,-1,0,0,0,1,1,-1,-1,-1,1,1,-1,-1,-1,1,1,0,-1,-1,-1,-1,0,1,1,1,0,0,1,-1,0,0,0,1,1,1,1,1,-1,0,-1,-1,0,1,1,1,-1,1,1,1,-1,1,-1,-1
"OCIAML3",1,1,-1,1,0,0,-1,0,1,-1,-1,-1,0,0,-1,0,1,0,1,0,-1,-1,0,-1,-1,1,-1,1,-1,-1,0,0,0,0,0,-1,1,0,0,0,0,0,0,-1,0,1,-1,1,0,1,0,1,0,0,0,0,-1,0,0,1,-1,1,0,0,0,1,0,0
"HCC38",-1,1,1,1,-1,0,1,1,-1,-1,-1,0,0,-1,1,0,1,1,1,1,0,1,0,1,-1,-1,0,1,-1,-1,0,1,1,1,0,-1,-1,1,-1,0,0,0,0,1,0,-1,-1,-1,-1,1,-1,1,0,0,1,1,-1,-1,1,-1,-1,1,-1,-1,1,1,0,1
"RL952",1,1,0,0,0,0,0,0,0,-1,0,0,0,-1,0,0,0,0,0,0,0,0,0,0,0,0,0,1,0,-1,-1,0,0,0,0,-1,1,0,0,0,0,0,0,-1,0,1,-1,0,0,1,0,-1,0,0,0,0,-1,0,0,0,-1,0,-1,0,0,-1,-1,0
"NCIH2087",0,1,-1,1,1,-1,-1,1,0,-1,1,1,-1,-1,-1,1,0,-1,1,1,1,0,1,-1,1,0,1,-1,0,-1,1,-1,1,-1,1,1,1,-1,0,-1,-1,-1,0,-1,1,1,-1,0,1,1,1,1,1,-1,1,1,-1,1,-1,0,-1,1,0,0,1,1,-1,1
"D423MG",1,1,-1,1,0,1,-1,0,1,0,1,0,0,-1,0,1,1,-1,1,1,1,0,0,1,1,0,0,1,-1,-1,1,-1,0,0,0,-1,1,-1,1,0,0,0,1,-1,1,1,-1,1,0,1,0,1,1,0,1,0,-1,1,-1,0,0,1,-1,0,1,1,-1,0
"JM1",1,-1,1,1,1,1,1,1,1,0,0,0,-1,1,0,1,1,0,1,1,0,1,1,0,-1,1,0,0,1,0,0,1,-1,0,1,0,1,-1,0,0,0,0,1,1,1,1,1,1,0,1,1,1,0,0,1,0,1,0,1,1,1,1,-1,1,1,1,1,-1
"CAL62",1,1,0,-1,0,1,0,1,0,0,-1,1,0,1,0,0,1,-1,-1,1,0,0,0,0,-1,0,1,-1,0,-1,0,-1,1,0,0,1,-1,1,-1,0,-1,-1,0,0,1,-1,0,1,-1,1,0,-1,-1,-1,1,1,0,-1,1,0,-1,1,-1,-1,1,0,1,0
"SW626",1,1,1,-1,0,1,1,1,1,1,1,-1,1,-1,1,0,1,0,-1,1,1,-1,0,1,1,1,-1,-1,-1,-1,0,0,-1,1,0,-1,-1,1,0,1,-1,-1,1,-1,1,-1,0,1,1,1,0,-1,0,-1,1,1,0,1,0,1,0,0,-1,1,1,0,-1,0
"HEY",1,1,0,-1,0,1,0,1,-1,-1,0,0,1,-1,0,0,-1,0,0,1,0,1,0,0,0,-1,0,-1,0,-1,0,0,0,0,0,0,-1,-1,1,1,-1,-1,1,-1,0,-1,-1,-1,-1,1,0,0,0,-1,1,1,-1,0,0,-1,0,0,0,0,1,0,-1,0
"MSTO211H",1,1,-1,0,0,-1,-1,1,1,-1,0,-1,0,-1,-1,0,1,-1,-1,1,1,0,1,-1,1,0,-1,-1,-1,0,0,-1,1,-1,0,-1,-1,1,0,0,1,1,1,-1,1,-1,-1,1,1,-1,0,-1,-1,1,1,0,-1,1,-1,0,-1,1,1,-1,-1,0,-1,-1
"TE4",1,1,-1,1,1,0,0,0,0,0,1,1,0,0,0,1,0,1,1,0,1,1,1,0,1,0,1,-1,1,0,0,1,1,-1,1,0,1,-1,0,0,0,0,0,1,1,1,0,0,0,1,1,1,1,0,0,0,0,1,0,0,0,1,1,0,0,1,0,-1
"SJSA1",0,1,0,0,0,0,0,-1,0,0,0,1,1,0,0,1,0,-1,0,0,0,-1,-1,0,-1,0,1,0,0,-1,1,-1,-1,0,1,-1,0,-1,0,1,0,0,0,0,1,0,0,0,-1,0,0,0,-1,0,-1,-1,0,0,-1,0,-1,0,0,0,0,1,0,-1
"KM12",1,1,0,0,0,1,0,0,1,-1,0,0,0,0,0,0,0,0,0,1,0,0,0,-1,1,1,0,0,0,0,0,0,0,0,0,0,-1,0,0,0,0,0,0,0,0,-1,-1,0,0,1,0,0,0,0,0,0,-1,0,0,1,0,0,0,-1,1,-1,0,0
"LB771HNC",0,1,1,-1,0,1,1,1,1,0,0,0,1,1,1,0,1,0,-1,1,-1,-1,0,1,1,1,0,0,0,-1,0,0,-1,-1,0,-1,1,1,-1,-1,-1,-1,0,0,0,1,0,1,-1,0,-1,-1,0,-1,1,1,0,1,-1,1,-1,1,0,-1,1,1,1,-1
"DOV13",0,1,-1,0,0,0,-1,0,0,0,0,0,0,-1,0,0,0,0,0,0,0,0,0,0,0,0,0,0,0,0,0,0,0,0,0,0,0,-1,0,0,0,0,0,-1,0,0,0,0,0,0,0,0,0,0,0,0,0,0,0,0,0,0,-1,0,0,0,-1,0
"LB1047RCC",0,1,0,1,1,1,0,1,0,-1,0,0,1,0,0,1,0,0,1,1,0,1,1,-1,0,0,0,1,1,0,1,0,0,1,1,0,1,0,0,1,0,0,1,-1,1,1,-1,0,0,0,1,1,0,0,1,0,-1,0,0,0,0,1,0,0,1,1,0,0
"KU1919",1,1,0,1,0,1,0,0,1,0,0,1,1,0,1,1,-1,0,1,1,-1,0,1,0,-1,1,1,-1,0,0,1,0,0,0,1,-1,1,1,0,1,0,0,1,0,1,1,0,-1,0,1,0,0,-1,0,-1,1,0,-1,0,1,1,1,-1,1,1,1,0,-1
"OVTOKO",0,1,0,1,1,1,0,0,1,0,1,1,1,0,0,1,1,-1,1,1,1,1,1,0,1,1,1,0,1,0,0,-1,1,1,1,1,1,0,0,1,0,0,1,1,1,1,0,1,0,0,1,1,1,0,0,0,0,1,0,1,0,1,0,0,1,1,0,-1
"FLO1",1,1,1,0,0,0,-1,0,0,-1,0,0,0,1,1,0,1,-1,-1,1,0,-1,1,-1,1,0,0,0,0,-1,0,-1,0,0,0,-1,-1,-1,0,0,-1,-1,1,0,0,-1,-1,1,0,1,0,-1,0,-1,-1,0,-1,0,0,0,0,1,1,-1,0,1,1,1
"U2OS",1,-1,0,0,1,1,0,1,-1,-1,1,0,1,0,1,0,1,-1,0,0,1,1,0,0,1,-1,0,-1,0,-1,0,-1,0,0,0,-1,0,-1,0,1,1,1,1,1,-1,0,-1,-1,0,1,1,0,1,1,1,-1,-1,1,1,-1,1,1,-1,0,0,1,0,0
"NCIH2122",0,1,1,1,1,1,1,0,-1,-1,1,-1,-1,-1,1,1,1,-1,1,1,1,1,1,1,1,-1,-1,1,0,-1,1,-1,1,0,1,-1,1,-1,-1,-1,-1,-1,-1,-1,1,1,-1,0,0,1,1,1,-1,-1,0,0,-1,1,-1,-1,-1,1,-1,1,1,1,-1,-1
"MFE296",0,1,0,0,0,0,0,-1,0,0,0,-1,-1,0,0,-1,0,0,0,0,0,0,-1,0,0,0,-1,0,-1,-1,0,0,0,-1,-1,-1,0,-1,0,-1,-1,-1,-1,0,-1,0,0,0,-1,0,0,0,-1,-1,-1,-1,0,0,-1,0,-1,0,0,0,0,0,0,-1
"NCIH226",1,1,-1,0,0,0,-1,0,0,-1,1,0,0,0,-1,1,0,-1,0,0,0,0,1,-1,1,0,0,0,-1,-1,0,-1,0,0,1,-1,-1,0,0,1,-1,-1,0,-1,1,-1,-1,0,-1,0,0,0,1,-1,-1,0,-1,1,-1,0,-1,0,0,0,0,-1,0,0
"SU8686",1,1,1,0,0,1,-1,0,-1,-1,1,1,1,1,1,-1,0,0,1,1,1,-1,-1,-1,1,-1,1,-1,-1,-1,-1,0,0,-1,-1,1,0,-1,0,1,0,0,1,-1,0,0,-1,0,-1,1,0,0,1,0,0,0,-1,1,-1,-1,-1,0,0,-1,1,0,1,0
"SW1271",-1,1,-1,-1,1,1,-1,0,0,0,1,1,1,1,-1,0,0,0,-1,1,0,-1,0,-1,1,0,1,-1,-1,0,1,0,0,-1,0,0,-1,-1,-1,1,-1,-1,1,-1,0,-1,0,0,-1,-1,1,-1,1,-1,-1,0,0,1,1,0,-1,1,0,-1,1,1,1,1
"NCIH716",-1,1,-1,0,1,1,-1,0,1,-1,1,1,0,-1,-1,0,1,1,0,1,1,-1,0,-1,1,1,-1,-1,1,-1,-1,1,1,1,0,0,0,-1,0,1,0,-1,0,-1,0,0,-1,1,-1,1,1,0,-1,0,1,-1,-1,1,-1,1,-1,1,-1,-1,1,1,-1,-1
"MOGGUVW",1,-1,-1,0,0,1,-1,1,1,-1,1,-1,0,1,-1,0,1,-1,1,1,1,0,0,-1,1,1,-1,0,-1,-1,-1,-1,1,-1,0,-1,1,1,1,0,-1,-1,0,1,0,1,-1,1,-1,1,0,1,-1,-1,1,1,-1,1,-1,1,-1,-1,-1,0,1,-1,1,-1
"PEO1",1,1,0,1,0,1,0,1,1,1,-1,1,1,-1,0,0,0,-1,1,0,0,0,0,0,-1,1,1,0,-1,0,0,-1,0,1,0,-1,-1,-1,0,-1,0,0,1,-1,0,1,0,0,0,1,0,0,1,0,1,0,0,-1,1,1,-1,-1,0,-1,0,0,-1,0
"PL4",0,1,1,0,0,1,1,1,-1,-1,0,1,1,0,1,-1,-1,1,1,1,0,0,-1,1,0,-1,1,1,-1,1,0,1,1,-1,-1,1,0,-1,-1,1,0,0,1,0,-1,0,-1,-1,-1,0,0,1,1,0,1,1,-1,0,1,-1,-1,1,-1,0,1,1,0,1
